Date,Age,Gender,Shift,Productivity Score,Temperature,Task Type,Time Taken (mins),Quantity,Line Efficiency,Machine ID,Break Time (mins)
30/1/2023,23,Female,Night,59.50134577,25.98,Inspection,33.71,33,60.86,MCH-305,13
23/1/2023,50,Female,Night,78.72234457,22.55,Packing,28.56,30,56.93,MCH-101,17.4
20/1/2023,46,Male,Evening,77.97898896,23.48,Inspection,27.91,27,64.83,MCH-101,9.4
10/2/2023,37,Male,,55.64001824,28.1,Assembly,52.44,28,77.53,MCH-305,18.6
27/3/2023,37,Female,,78.3570121,25.07,Packing,,34,69.77,MCH-101,14.8
3/1/2023,54,Male,Night,79.49211394,23.78,Inspection,45.79,30,81.02,,12.7
21/1/2023,41,Female,Night,74.84479839,26.46,Packing,32.19,,79.49,MCH-101,9.8
2/1/2023,47,Male,Night,84.830674,24.96,Inspection,23.87,28,62.5,MCH-204,14.6
1/2/2023,28,Male,Morning,68.23212968,25.06,Inspection,62.21,33,71.35,MCH-305,18.6
6/3/2023,23,Male,,47.93032525,27.48,Packing,39.53,31,80.98,MCH-101,15.7
2/2/2023,41,Male,,73.14205794,23.68,Assembly,39.32,25,65.17,MCH-305,13.8
17/2/2023,59,Female,Night,83.74143966,24.19,Packing,29.02,26,72.4,MCH-305,14.4
19/1/2023,49,Female,Evening,71.78525607,26.31,Assembly,41.88,20,60.98,MCH-101,19
5/3/2023,50,Female,Night,62.74355295,27.94,Assembly,32.92,33,67.74,MCH-101,17.1
27/1/2023,41,Female,Night,52.19902931,28.48,Packing,24.45,33,,MCH-305,14.9
27/3/2023,51,Male,Night,30,50.03,Inspection,31.61,29,76.27,MCH-305,17.8
22/2/2023,40,Female,Evening,56.36347768,27.87,Assembly,39.03,28,66.17,MCH-101,17.4
10/1/2023,25,Female,Evening,64.32501939,24.43,Packing,50.33,25,72.15,MCH-204,12.3
5/1/2023,41,Female,Evening,40.48174632,29.65,Inspection,19.25,32,73.81,MCH-204,14
3/1/2023,40,Female,Morning,30,48.93,Inspection,22.61,22,62.11,MCH-204,19.3
4/2/2023,40,Female,Morning,49.15515014,28.66,Inspection,30.73,34,65.98,MCH-305,17
24/1/2023,34,Female,Evening,77.6718818,24.69,Packing,25.64,33,74.63,MCH-204,
13/3/2023,27,Female,Night,63.47527162,27.29,Packing,,36,88.38,MCH-305,16.8
14/2/2023,57,Female,Morning,67.25721888,27.18,Inspection,30.08,30,57.43,MCH-101,12.9
21/3/2023,51,Female,Night,72.12323393,23.97,Inspection,36.25,27,75.25,MCH-204,14.9
1/2/2023,45,Male,Morning,79.65870808,24.96,Inspection,36.67,32,82.14,MCH-101,17.4
31/1/2023,36,Male,Evening,64.30765052,27.56,Inspection,21.46,34,70.96,MCH-204,15
23/3/2023,52,Female,Evening,62.96521307,28.11,Packing,32.91,24,60.97,MCH-204,15.2
12/3/2023,41,Male,Evening,74.90026136,25.86,Inspection,27.01,30,69.48,MCH-101,21.1
18/1/2023,37,Male,Morning,65.92917637,26.09,Assembly,46.38,31,60.33,MCH-101,14.3
5/3/2023,38,Female,Morning,63.50034162,27.52,Assembly,28.2,32,64.97,MCH-305,16
20/1/2023,29,Female,Night,62.0504387,26.26,Packing,30.05,28,73.85,MCH-101,15.8
15/2/2023,41,Female,Evening,79.09396495,23.41,Assembly,25.92,33,69.39,MCH-305,17.7
15/3/2023,42,Male,Morning,62.16095502,27.29,Assembly,34.7,25,71.96,MCH-305,15.8
11/2/2023,55,Male,Morning,79.43838597,26.47,Assembly,33.48,40,58.31,MCH-101,15.4
13/3/2023,22,Female,Morning,44.37556309,28.43,Packing,49.82,27,63.89,MCH-204,21
11/3/2023,54,Female,Night,44.06917851,29.23,Assembly,34.7,32,76.13,MCH-204,14.7
17/2/2023,53,Male,Morning,66.2989536,27.56,Inspection,48.45,27,53.25,MCH-204,17.2
4/1/2023,70,Female,Night,30,48.49,Assembly,50.38,30,56.74,MCH-101,11.1
7/3/2023,41,Male,Morning,66.61480914,27.5,Assembly,31.46,25,66.94,MCH-204,15
5/3/2023,26,Female,Evening,69.82105822,24.67,Assembly,,35,64.83,MCH-305,14.7
1/2/2023,50,Female,Morning,78.26074826,25.69,Inspection,29.26,26,77.69,MCH-101,14.8
21/2/2023,41,Female,Night,84.62374736,24.35,Packing,22.72,30,46.05,MCH-305,9.8
21/1/2023,34,Female,Morning,73.53653765,23.5,Packing,58.59,30,69.18,,13.9
22/1/2023,41,Male,Evening,72.25874694,26.67,Assembly,29.31,26,83.71,MCH-204,12.4
16/2/2023,58,Male,Morning,73.8156106,26.37,Inspection,25.98,17,73.27,MCH-204,18.3
14/2/2023,37,Male,Morning,64.17736945,27.38,Assembly,24.39,35,54.66,MCH-305,
23/2/2023,41,Female,Morning,63.25377377,27.09,Packing,28.75,31,94.28,MCH-204,16.9
15/3/2023,47,Female,Night,73.26275694,26.49,Packing,31.96,21,64.53,MCH-305,17
28/2/2023,51,Female,Evening,67.67688333,27.11,Inspection,47.43,20,45.66,MCH-101,13.2
16/2/2023,41,Male,Evening,69.1256868,27.29,Inspection,53.13,28,,MCH-101,12.4
28/3/2023,27,Male,Evening,57.85123929,26.83,Packing,,30,61.92,MCH-101,14.2
4/1/2023,34,Female,Night,74.00874255,24.55,Packing,50.88,29,88.71,MCH-204,13.8
28/1/2023,38,Female,Evening,66.06502576,26.74,Packing,51.78,37,77.22,,12.1
19/3/2023,73,Female,Evening,30,50,Assembly,28.8,22,91.31,,14.1
7/3/2023,21,Male,Morning,61.33055933,24.66,Packing,25.89,31,59.47,MCH-101,15.9
22/2/2023,41,Male,Morning,73.06275408,26.1,,40.22,,82.78,MCH-101,11.4
13/3/2023,26,Male,Morning,64.62964035,24.75,Inspection,28.62,33,61.87,MCH-204,14.4
26/1/2023,49,Female,Evening,80.62465299,24.95,Packing,49.98,34,73.44,MCH-204,13.4
24/3/2023,47,Male,Morning,84.38701962,23.75,Packing,39.91,31,71.72,MCH-204,15.3
23/3/2023,56,Female,Morning,54.28295226,28.53,Inspection,27.46,31,83.87,MCH-305,20.7
20/3/2023,41,Male,Morning,56.95484963,28.13,Packing,37.92,28,78.1,MCH-204,10.5
13/3/2023,34,Male,Morning,62.14658308,27.07,Inspection,35.7,22,,MCH-101,14.7
2/1/2023,58,Female,Night,35.34198692,29.94,Inspection,15.8,32,80.89,MCH-101,15.8
2/3/2023,36,Female,Evening,73.39280559,25.62,Inspection,25.13,28,69.08,MCH-305,13.5
1/3/2023,33,Female,Night,30,32.06,Inspection,28.42,26,76.94,,16.1
2/2/2023,56,Male,Evening,74.41118562,25.54,Inspection,38.79,32,72.96,MCH-305,10.6
26/3/2023,34,Female,Night,69.29796212,26.51,Inspection,40.66,32,67.87,MCH-204,13.9
19/2/2023,23,Female,Morning,66.29150715,25.2,Inspection,47.07,26,56.76,MCH-101,7
25/1/2023,38,Female,Morning,65.8520212,27.29,Packing,27.95,31,72.03,MCH-204,14.3
24/2/2023,51,Male,Night,63.07629882,27.29,Assembly,20.18,30,63.25,MCH-204,11.3
3/1/2023,27,Female,Evening,70.07283203,25.77,Packing,,31,57.7,MCH-101,15.9
28/2/2023,41,Female,Morning,42.70211375,29.55,Inspection,27.94,36,78.3,MCH-101,19.2
11/1/2023,25,Male,Morning,57.25981743,26.48,,26.98,32,63.69,MCH-101,15.8
23/2/2023,47,Male,Morning,71.99725519,26.54,Packing,34.78,32,51.95,MCH-204,
16/2/2023,79,Female,Night,30,54.36,Assembly,41.98,26,70.02,MCH-305,13.4
23/1/2023,33,Male,Morning,67.56034166,26.84,Packing,30.88,26,68.48,MCH-204,14.2
26/1/2023,90,Male,Night,30,52.55,Packing,40.01,32,69.38,MCH-305,14.2
9/2/2023,42,Female,Night,76.55787494,24.78,Packing,44.7,,,MCH-204,15
4/1/2023,46,Male,Night,75.60840162,24.45,Assembly,34.89,28,59.94,MCH-204,16.4
1/3/2023,57,Female,Evening,66.07351794,27.29,Inspection,23.63,26,66.01,MCH-204,12.7
21/2/2023,37,Male,Night,77.52134678,25.47,Assembly,32.21,29,80.39,MCH-204,18.4
11/2/2023,26,Female,Morning,68.09108022,23.09,Packing,45.2,,78.55,MCH-305,14.4
14/1/2023,53,Male,Evening,78.26771798,24.6,Packing,41.3,,66.46,MCH-204,15
16/2/2023,45,Female,Morning,76.3358977,25.9,Assembly,24.33,32,75.85,MCH-101,18.9
1/1/2023,48,Male,Night,66.53705212,,Assembly,46.77,35,70.93,MCH-101,8.6
18/3/2023,23,Male,Night,56.13956852,27.11,Inspection,31.69,35,,MCH-204,7.4
19/1/2023,32,Male,Morning,61.05842226,27.35,Inspection,24.27,29,,MCH-305,16.2
8/2/2023,50,Male,Morning,62.35397596,,Assembly,34.68,27,61.05,MCH-101,15
17/2/2023,53,Male,Morning,73.81635511,26.68,Inspection,19.75,26,73.07,MCH-101,19.5
20/1/2023,37,Male,Morning,76.42111941,24.25,,41.5,28,53.37,MCH-101,11.6
13/2/2023,52,Male,Night,77.30257668,24.76,Assembly,46.45,25,73.61,MCH-204,16.5
28/3/2023,41,Male,Evening,79.42478603,24.16,Inspection,24.99,32,63.4,MCH-101,13.9
20/2/2023,35,Male,Morning,77.5207446,23.62,Packing,33.32,35,66.18,MCH-305,17.8
17/1/2023,55,Male,Night,55.51510902,28.13,Assembly,43.72,22,67.09,MCH-305,8.4
9/2/2023,41,Female,Night,63.11271882,27.38,Inspection,21.69,30,47.81,MCH-305,14.2
12/1/2023,29,Male,Evening,51.96172139,27.95,Packing,22.79,38,53.86,MCH-101,17.2
8/2/2023,47,Female,Night,67.48228212,26.08,Assembly,32.63,23,78.3,MCH-101,12.6
19/3/2023,45,Female,,69.19138529,27.55,Inspection,32.21,37,71.05,MCH-305,14.8
27/2/2023,25,Male,Morning,66.1448221,22.48,Packing,35.49,26,84.58,MCH-101,15.1
14/2/2023,53,Male,,64.38011874,27.73,Packing,33.95,27,56.32,MCH-305,16
20/3/2023,27,Male,Evening,58.20653464,26.35,Packing,21.7,33,78.51,MCH-204,11.7
7/2/2023,52,Male,Morning,67.89615618,27.25,Packing,18.85,33,74.61,MCH-204,13.5
12/2/2023,20,Male,Morning,53.66478236,26.76,Assembly,21.82,29,81.65,MCH-204,16.5
23/2/2023,51,Male,Night,78.08817823,24.03,Packing,40.03,26,68.92,MCH-101,17.2
5/3/2023,51,Female,Night,78.76367228,23,Assembly,44.51,24,71.15,MCH-204,15.5
9/2/2023,51,Male,Night,83.05351044,24.58,Assembly,34.11,30,61.23,MCH-204,14
14/1/2023,99,Female,Night,30,,Inspection,42.11,29,67.29,MCH-305,15.3
23/3/2023,38,Male,Night,66.34828046,27.38,Assembly,28.92,26,65.09,MCH-305,17.5
25/2/2023,48,Male,Evening,78.66055301,23.26,Packing,31.33,29,56.75,MCH-305,15.6
7/1/2023,31,Female,Evening,67.82090364,24.04,Assembly,44.24,31,71.36,MCH-204,11.5
7/2/2023,51,Female,Night,82.65130275,24.55,Assembly,39.65,35,79.42,MCH-305,11.6
6/2/2023,41,Female,Evening,78.32929642,25.29,Inspection,36.77,31,81.8,MCH-204,15.1
22/2/2023,41,Male,Morning,79.66931546,23.28,Assembly,33.53,29,61.89,MCH-101,10
30/1/2023,40,Male,Night,79.97635702,23.16,Inspection,23.42,26,69.64,MCH-204,17.4
8/1/2023,42,Male,Morning,81.18507081,24.36,Assembly,35.86,26,68.65,MCH-305,12.2
4/3/2023,21,Male,Night,58.4417317,26.17,Inspection,38.1,31,84.75,MCH-305,11.5
4/1/2023,25,Female,Evening,67.95600749,23.64,Assembly,57.08,31,87.86,MCH-305,20.1
21/1/2023,41,Male,Night,75.65403421,25.77,Packing,34.21,29,56.95,MCH-305,13.5
28/3/2023,41,Male,Morning,58.70847889,28.12,Assembly,31.3,35,74.86,MCH-101,15.9
3/3/2023,37,Female,Evening,73.09419821,23.4,Inspection,37.82,30,75.31,MCH-101,16.8
12/3/2023,46,Male,Evening,76.52797698,25.59,Inspection,49.48,28,67.99,MCH-204,19.4
7/1/2023,46,Male,Evening,55.9082016,28.05,Packing,38.52,27,57.37,MCH-305,13.2
1/1/2023,38,Male,Morning,70.73345067,27.2,Packing,33.21,26,77.05,MCH-101,15.5
24/1/2023,54,Male,Night,79.68481206,24.85,Inspection,27.15,32,82.16,MCH-101,14.6
3/2/2023,42,Female,Evening,57.90992142,28.33,Packing,26.67,27,64.53,MCH-101,22.2
20/2/2023,23,Female,Night,60.26179152,25.39,Assembly,42.81,31,81.96,MCH-305,8.9
2/3/2023,50,Female,Evening,58.97035146,28.21,Assembly,32.12,26,70.04,MCH-101,14.5
13/1/2023,42,Male,Morning,70.09507345,26.86,Packing,55.07,29,84.22,MCH-305,14.9
5/2/2023,45,Female,Night,75.35643007,25.31,Assembly,35.84,30,84.2,MCH-101,14.7
22/1/2023,42,Female,Morning,64.94745448,26.96,Assembly,39.88,42,69.76,MCH-101,10.7
29/1/2023,42,Male,Morning,63.30306509,27,Packing,29.46,23,74.17,MCH-305,9.4
25/3/2023,23,Female,Night,44.5442488,28.04,Inspection,26.78,34,62.98,MCH-305,10.4
21/1/2023,42,Male,Night,78.68537178,24.9,Assembly,42.64,26,53.76,MCH-305,17.6
23/2/2023,51,Female,Night,78.80934438,26.08,Packing,46.96,37,72.51,MCH-101,14.9
5/3/2023,32,Female,Evening,67.80327118,25.88,Inspection,25.06,27,55.34,MCH-204,9.7
3/3/2023,44,Male,Night,62.38909518,27.41,Assembly,27.65,35,90.93,MCH-204,19.3
23/1/2023,21,Male,Morning,63.05490368,23.95,Assembly,28.41,31,81.38,MCH-305,20.9
8/2/2023,33,Male,Night,60.53149494,28.03,Packing,41.77,23,68.48,MCH-305,15.9
1/2/2023,37,Female,Evening,65.63258413,26.93,Assembly,38.62,31,96.67,MCH-204,16.3
12/1/2023,59,Male,,80.92039921,23.37,Inspection,34.01,33,63.7,MCH-204,15.3
4/3/2023,28,Female,Evening,43.35041527,28.42,Packing,27.2,33,66.08,MCH-305,13.1
15/1/2023,31,Male,Evening,30,30.47,Packing,51.08,29,65.95,MCH-305,9.5
9/2/2023,36,Male,Morning,59.26161155,28,Packing,44.78,43,69.36,MCH-305,11.8
1/1/2023,59,Female,Evening,49.51599437,28.85,Packing,15.05,40,66.9,,
15/3/2023,96,Female,Morning,30,46.73,Inspection,43.57,32,74.57,MCH-204,16.7
15/3/2023,21,Female,Morning,57.26913013,22.68,Inspection,32.11,23,60.01,MCH-204,14.3
17/1/2023,29,Male,Morning,64.47834253,22.31,Inspection,28.98,25,71.28,MCH-305,14.7
16/1/2023,,Male,Night,72.28072139,27.29,Inspection,42.66,29,64.57,MCH-101,15.1
7/2/2023,22,Male,Evening,61.02907794,24.82,Inspection,38.51,30,70.63,,15.3
9/3/2023,54,Female,Morning,79.48992399,24.17,Inspection,35.89,26,59.17,MCH-101,13.2
21/3/2023,31,Female,Evening,68.06945951,25.87,Packing,26.01,27,61.35,MCH-101,16.2
7/3/2023,56,Male,Evening,65.38194533,27.23,Packing,45.15,20,,MCH-204,11.7
28/2/2023,31,Female,Morning,75.19742777,23.09,Packing,22.64,19,60.79,MCH-204,15.9
25/3/2023,,Male,Evening,76.78926893,25.1,Inspection,42.74,30,75.23,MCH-204,10.4
19/1/2023,46,Female,Night,50.93528598,29.02,Packing,35.9,38,64.63,MCH-305,11.4
16/2/2023,25,Female,Night,53.98296419,27.29,Inspection,34.64,22,59.83,MCH-101,12.8
21/1/2023,42,Female,Morning,61.79277544,27.74,Packing,29.49,29,70.64,MCH-101,15.6
19/1/2023,40,Male,Night,76.7243345,25.03,Inspection,36.65,30,61.31,MCH-101,
24/2/2023,51,Female,Night,70.8048182,27.09,,21.24,32,75.18,MCH-101,12.4
11/3/2023,59,Male,,59.44461776,28.19,Inspection,47.35,27,68.75,MCH-305,10.7
19/1/2023,46,Male,Night,66.96018393,27.48,Assembly,30.97,24,83.36,MCH-204,18.6
9/1/2023,36,Male,Evening,58.33980213,27.82,Assembly,28.1,33,56.94,MCH-204,15.2
9/1/2023,36,Female,Night,61.24653881,,Inspection,33.03,20,72.76,MCH-305,14.6
27/2/2023,36,Male,Evening,51.82051592,28.23,Packing,31.26,,73.7,MCH-204,16.1
26/2/2023,52,Male,Morning,75.52046121,24.29,Inspection,47.43,26,60.03,MCH-101,12.1
15/1/2023,32,Female,Morning,63.4209972,26.52,Inspection,17.67,31,63.36,MCH-305,18.2
16/2/2023,26,Female,Morning,63.11917168,26.52,Assembly,34.26,36,55.77,MCH-305,16.7
20/3/2023,33,Male,Night,62.83035663,26.97,Inspection,50.83,27,54.4,MCH-101,14.1
7/2/2023,20,Female,Evening,58.57574256,26.67,Assembly,35.68,28,68.81,MCH-305,14.8
9/3/2023,24,Male,Evening,63.57598008,24.31,Packing,36.88,28,78.07,MCH-101,14.3
21/3/2023,23,Male,,59.34765413,23.3,Packing,34.72,41,68.68,MCH-305,19
12/2/2023,50,Male,,59.64455367,27.74,Packing,28.51,29,69.1,MCH-204,16.3
24/2/2023,48,Male,Night,74.08191856,26.37,Inspection,40.4,29,57.02,MCH-101,16.6
12/3/2023,47,Male,Morning,65.70824983,28.3,Assembly,33.08,30,48.98,MCH-204,15.2
16/1/2023,,Male,Evening,77.82812624,25.91,Inspection,36.41,37,73.42,MCH-305,15
22/1/2023,48,Male,Morning,78.77409368,23.19,Packing,40.49,27,63.39,MCH-305,20.6
16/3/2023,,Male,Morning,60.1733251,27.93,Inspection,39.42,34,51.99,MCH-305,13.9
30/1/2023,56,Male,Morning,80.70481778,25.26,Assembly,35.97,26,64.56,MCH-305,15.7
8/1/2023,40,Female,Night,67.36173837,26.68,Assembly,43.99,26,72.49,MCH-305,21.2
15/2/2023,57,Female,Night,75.79749055,24.71,Packing,45.12,32,74.03,MCH-204,19
11/1/2023,26,Male,Morning,32.2109212,29.29,Packing,42.85,36,71.99,MCH-101,16.1
18/3/2023,39,Male,Evening,78.71377425,24.25,Packing,45.55,28,63.04,MCH-305,10.5
7/3/2023,47,Female,Evening,79.96945834,25.33,Inspection,48.56,28,75.94,MCH-305,21.5
14/3/2023,39,Female,Evening,70.65243695,26.21,Assembly,22.94,33,69.8,MCH-305,14.3
8/1/2023,37,Female,Night,76.41568344,23.82,Inspection,62.58,30,61.24,MCH-204,15.3
3/1/2023,26,Male,Morning,59.68558731,26.66,Packing,36.56,33,58.83,MCH-305,18.1
3/3/2023,35,Female,Morning,59.88412185,,Assembly,32.57,22,71.96,MCH-305,14.4
21/2/2023,29,Female,Evening,67.13035602,25.02,Packing,36.69,25,78.69,MCH-305,15.6
14/2/2023,32,Male,Evening,62.09779273,26.79,Assembly,20.24,30,75.94,MCH-101,15.2
15/3/2023,47,Male,Morning,66.50147042,20.5,Assembly,37.34,32,71.63,MCH-101,13.9
12/1/2023,45,Male,Night,75.42985149,25.92,Packing,27.07,29,76.33,MCH-305,16.1
5/3/2023,44,Male,Morning,79.36519109,25.37,Assembly,35.73,30,93.71,MCH-101,13.1
6/2/2023,34,Female,Morning,65.64671046,,Assembly,36.45,33,72.88,MCH-305,11.6
4/1/2023,58,Male,Evening,57.49161153,28.16,Packing,29.07,24,71.57,MCH-305,16.6
16/2/2023,23,Female,Morning,67.20331706,25.35,Assembly,16.96,33,75.45,,18.8
16/2/2023,33,Male,Morning,71.42531987,25.65,Packing,37.74,35,77.5,MCH-101,12.8
23/2/2023,24,Male,Morning,68.6214349,25.25,Inspection,34.99,28,56.64,MCH-305,13.4
7/2/2023,33,Male,Morning,70.10930618,22.17,Inspection,36.92,26,71.77,MCH-101,15
25/3/2023,58,Female,Evening,75.02908675,23.74,Packing,30.78,34,80.04,MCH-101,15
17/2/2023,34,Male,Evening,65.79198758,27.29,Assembly,28.43,39,87.46,MCH-101,9.1
25/1/2023,56,Male,Morning,71.802368,21.78,Inspection,32.85,31,70.2,MCH-204,13.7
18/3/2023,39,Female,Evening,79.37811953,24.47,Packing,36.39,26,65.46,MCH-204,20.4
15/2/2023,47,Female,Night,79.25398988,25.2,Packing,41.74,30,71.65,MCH-204,19.2
31/1/2023,38,Female,Morning,40.55677941,29.49,,26.9,26,63.56,MCH-204,20.1
27/1/2023,30,Male,Night,61.85111079,27.54,Assembly,42.91,34,85.69,MCH-204,16.9
30/1/2023,50,Male,Morning,78.82607149,24.89,Assembly,41.54,30,74.81,MCH-305,13.4
3/1/2023,58,Male,Morning,52.15496297,28.61,Packing,,25,69.47,MCH-101,15.8
21/3/2023,30,Male,Morning,69.51061001,24.52,Inspection,53.3,31,81.14,MCH-204,16.8
3/3/2023,51,Female,Morning,61.32521911,28.02,Packing,17.41,27,58.47,MCH-101,14
17/1/2023,30,Male,Morning,68.7730362,23.28,Assembly,54.51,23,49.28,MCH-305,9.8
2/2/2023,48,Male,Evening,60.61486539,28.15,Assembly,28.46,34,74.22,MCH-101,17.7
9/3/2023,,Female,Evening,78.27798761,25.19,Packing,37.42,31,80.74,MCH-101,13.7
4/1/2023,79,Male,Night,30,54.05,Assembly,35.44,28,68.58,MCH-305,16.9
23/3/2023,,Male,Evening,72.363776,25.57,Assembly,21.62,36,63.21,MCH-305,10.3
13/2/2023,30,Male,Morning,63.72506422,26.55,Packing,40.29,26,60.43,MCH-101,13.1
4/2/2023,23,Male,Evening,63.40178102,25.01,Inspection,,28,57.66,MCH-101,16.2
4/1/2023,23,Male,Morning,61.47153129,27.11,Assembly,39.22,32,76.65,MCH-305,16.9
14/1/2023,37,Female,Night,72.39147619,24.83,Inspection,20.23,34,78.18,MCH-204,17.2
29/1/2023,,Female,Morning,64.01330601,27.24,Inspection,22.6,32,79.18,MCH-204,14.8
16/2/2023,25,Male,Night,62.06409553,26.88,Inspection,28.03,27,70.07,MCH-204,15.6
2/2/2023,38,Male,Night,70.70047345,25.88,,47.73,29,58.44,MCH-204,16.2
17/1/2023,48,Male,Night,75.51333758,25.12,Assembly,35.96,27,62.85,MCH-101,16
19/3/2023,28,Female,Evening,68.18265143,26.3,Assembly,14.99,28,,MCH-204,16.7
17/2/2023,48,Female,Morning,71.20055371,27.1,Packing,55.64,29,59.63,MCH-204,11.5
16/1/2023,,Female,Night,31.76921432,30.12,Assembly,50,32,68.98,MCH-305,20.6
21/1/2023,52,Male,Morning,58.42054297,27.88,Packing,24.13,27,59.83,MCH-305,14.4
19/3/2023,43,Male,Evening,57.45074996,27.95,Inspection,30.91,35,63.03,MCH-305,14.7
6/2/2023,41,Male,Night,30,32.18,Packing,32.14,30,58.48,MCH-305,14.1
25/3/2023,77,Male,Night,30,47.65,Packing,40.23,26,70.16,MCH-101,15.7
15/3/2023,38,Male,Night,69.19101313,26.97,Assembly,36.99,32,55.37,MCH-101,10.7
22/1/2023,72,Female,Morning,30,51.42,Packing,28.19,29,62.4,MCH-101,13.5
31/1/2023,,Male,Night,83.25860554,23.98,Inspection,48.11,28,78.51,MCH-204,9.3
9/2/2023,50,Female,Morning,74.78892469,25.11,Assembly,52.44,37,80.49,MCH-204,13.6
11/2/2023,39,Female,Evening,77.52314063,24.99,Assembly,34.51,28,76.71,MCH-101,15.5
19/3/2023,48,Female,Night,65.93235215,27.3,Assembly,29.26,28,84.15,MCH-204,16.7
13/1/2023,46,Male,Evening,77.41245786,25.65,Inspection,50.95,35,56.8,MCH-204,14.8
13/1/2023,37,Female,Night,64.60099558,27.2,Packing,13.06,33,69.09,MCH-204,15.9
16/3/2023,32,Male,Evening,46.36126819,28.17,Assembly,26.06,34,70.75,MCH-204,9.9
8/1/2023,45,Male,Morning,65.38239239,27.73,Packing,44.79,27,89.52,MCH-204,15.5
7/3/2023,25,Male,Morning,62.94281783,25.68,Inspection,48.92,31,67.63,MCH-305,18.8
22/2/2023,43,Male,Evening,80.90239829,24.66,Inspection,31.8,23,78.01,MCH-101,16.4
21/3/2023,23,Female,Night,38.67391682,28.27,Inspection,57.8,20,86.94,MCH-101,12.8
28/3/2023,45,Female,Evening,68.27708014,27.55,Assembly,10.55,27,71.3,MCH-204,15.5
5/1/2023,45,Female,Night,74.62845581,22.79,Assembly,45.95,30,65.31,MCH-204,19.1
4/3/2023,23,Male,Evening,60.14840043,25.37,Packing,35.86,42,66.17,MCH-305,16.7
8/3/2023,50,Male,Morning,76.21741186,26.33,Packing,30.13,36,52.89,MCH-101,16.8
23/2/2023,,Female,Morning,65.12759479,27,Assembly,43.78,25,65.41,MCH-305,12.6
16/3/2023,51,Male,Evening,65.58099372,27.82,Inspection,31.1,34,55.79,MCH-305,13.9
8/1/2023,21,Male,Night,50.81757486,26.57,Inspection,24.13,23,77.82,MCH-101,14.8
18/2/2023,27,Female,Night,58.92429136,27.17,Assembly,36.15,38,54.38,MCH-305,20.4
24/1/2023,39,Female,Morning,72.31438566,26.13,Packing,34.46,27,73.92,MCH-305,12.3
8/1/2023,,Female,Evening,82.20813535,24.65,Inspection,27.19,27,81.38,MCH-101,15.8
1/3/2023,41,Male,Night,72.12187666,25.48,Assembly,29.27,35,77.29,MCH-101,17
27/2/2023,46,Male,Evening,78.62138347,26.04,Packing,30.87,27,65.17,MCH-101,17.2
24/1/2023,25,Male,Morning,63.68284672,25.93,Packing,18.74,39,77.64,MCH-305,14.3
31/1/2023,47,Male,Evening,74.25953469,22.23,Inspection,18.09,27,70.1,MCH-204,14
8/2/2023,24,Male,Morning,69.49650668,25.21,Inspection,44.33,34,65.43,MCH-204,20.8
19/2/2023,41,Female,Morning,70.8690943,26.11,Inspection,20.76,31,66.37,MCH-204,14.2
4/1/2023,43,Male,Evening,77.88656307,25.44,Inspection,34.82,33,74.43,MCH-305,13.7
3/1/2023,41,Female,Morning,78.28020875,25.51,Packing,16.31,25,54.43,MCH-305,17.8
1/3/2023,26,Female,Evening,61.89216997,26.98,Assembly,50.06,21,64.96,MCH-204,15.4
27/1/2023,31,Female,Evening,72.41080571,23.84,Packing,32.3,25,73.75,MCH-101,11.1
22/3/2023,57,Male,Evening,73.76224691,22.74,Inspection,46.18,28,64.87,MCH-101,17.9
21/2/2023,59,Female,Evening,76.6458961,25.3,Assembly,56.14,29,57.08,MCH-305,13.8
23/1/2023,41,Male,Morning,64.00628994,27.53,Packing,22.11,28,61.09,MCH-204,13.8
6/1/2023,37,Male,Night,35.77752229,29.38,Assembly,28.19,19,71.72,MCH-305,23
11/1/2023,33,Male,Night,61.3503232,27.56,Packing,43.72,27,74.83,MCH-305,14.3
6/3/2023,44,Male,Night,81.61682211,23.06,Assembly,28.67,30,80.85,MCH-204,15.2
17/2/2023,43,Male,Night,78.42859125,25.54,Packing,37.9,29,77.81,MCH-305,17.7
12/2/2023,31,Male,Evening,60.33916338,26.51,Packing,36.03,28,77.69,MCH-101,12.2
21/3/2023,20,Female,Night,56.18313306,26.36,Inspection,11.57,28,50.78,MCH-101,16.7
22/1/2023,26,Male,Evening,53.42179815,27.2,Packing,44.44,30,77.53,MCH-204,17.8
16/1/2023,58,Male,Morning,77.59951413,24.17,Inspection,33.63,25,64.83,MCH-305,19
19/2/2023,36,Female,Night,69.9277009,26.13,Packing,23.06,29,55.58,MCH-101,17
1/2/2023,39,Female,Morning,72.0430352,26.84,Assembly,50.47,28,75.58,MCH-204,11.7
4/3/2023,38,Female,Morning,60.32706009,27.65,Assembly,27.97,24,71.79,MCH-204,16.3
19/1/2023,76,Male,Evening,30,50.1,Inspection,27.42,29,78.85,MCH-204,11
13/3/2023,22,Female,Night,56.70811553,27.2,Packing,16.99,20,64.66,MCH-305,18.7
19/2/2023,23,Female,Morning,51.85259314,20.59,Inspection,40.95,27,69.94,MCH-204,18.2
2/2/2023,31,Male,Evening,72.47986137,24.76,Assembly,35.42,32,51.99,MCH-305,15.7
22/3/2023,39,Male,Morning,80.38489024,24.95,Packing,17.62,32,89.61,MCH-204,15.6
22/2/2023,46,Female,Night,80.83346861,23.96,Inspection,37.46,30,56.62,MCH-305,15
6/2/2023,39,Male,Morning,69.62950628,26.33,Assembly,43.28,31,61.9,MCH-101,14.9
2/3/2023,37,Male,Evening,71.88302965,25.89,Assembly,39.62,33,59.69,MCH-305,17.9
18/3/2023,57,Female,Evening,75.44040035,21.48,Packing,48.25,31,72.07,MCH-101,14.1
20/1/2023,26,Female,Evening,61.95172429,26.43,Packing,28.96,36,61.52,MCH-101,21.6
28/1/2023,42,Female,Morning,78.63710051,24.14,Packing,52.68,19,80.78,MCH-204,15.5
9/3/2023,41,Female,Morning,72.2088131,26.97,Inspection,35.04,34,73.15,MCH-101,18.7
17/2/2023,38,Female,Evening,72.58551072,23.44,Inspection,43,19,55.1,MCH-305,10
9/2/2023,52,Male,Morning,74.34640666,26.06,Packing,47.78,27,77.8,MCH-101,13.3
22/1/2023,30,Male,Morning,69.24529573,25.43,Packing,61.5,34,79.12,MCH-305,17.7
6/2/2023,58,Female,Morning,68.25599535,26.61,Packing,24.19,33,62.71,MCH-305,16
26/2/2023,33,Male,Morning,66.3141215,26.25,Assembly,27.61,25,58.56,MCH-305,15.1
1/3/2023,41,Male,Morning,77.53361936,25.49,Packing,36.9,30,73.99,MCH-204,18.2
20/1/2023,40,Female,Morning,73.56431851,22.93,Inspection,31.29,27,76.59,MCH-305,21.4
18/1/2023,53,Female,Morning,82.37172117,23.05,Assembly,26.98,34,59.97,MCH-204,11.5
9/1/2023,82,Male,Evening,30,49.17,Packing,19.75,30,79.24,MCH-101,18
14/2/2023,31,Male,Morning,63.79990789,25.98,Inspection,36.26,27,64.26,MCH-101,13.7
1/1/2023,20,Female,Evening,55.18877062,24.78,Assembly,42.95,32,81.83,MCH-204,17.6
27/3/2023,34,Male,Night,59.61341501,27.25,Assembly,38.52,33,54.2,MCH-101,13.6
21/2/2023,53,Female,Morning,73.7588312,25.44,Inspection,18.7,29,62.67,MCH-101,16.6
9/1/2023,20,Male,Night,61.26008119,24.07,Inspection,18.94,33,67.92,MCH-101,16.9
12/3/2023,55,Female,Night,76.92289264,25.44,Assembly,35.61,38,60.09,MCH-101,12.9
5/3/2023,41,Male,Morning,73.52467337,26.45,Inspection,32.61,20,69.68,MCH-305,13.6
27/2/2023,79,Female,Evening,30,51.6,Assembly,31.82,36,66.53,MCH-101,14.4
13/1/2023,32,Male,Morning,37.21604668,29.76,Assembly,32.22,37,67.9,MCH-305,10.1
7/2/2023,42,Female,Evening,74.82526295,24.66,Assembly,30.02,32,65.96,MCH-101,16.4
22/3/2023,32,Male,Morning,68.34093432,25.85,Assembly,36.49,28,57.09,MCH-204,19.4
6/1/2023,24,Male,Night,57.06999996,26.85,Packing,46.01,22,69.77,MCH-204,11.2
26/1/2023,46,Female,Morning,75.93388163,25.95,Inspection,25.66,30,68.74,MCH-305,17
23/3/2023,46,Male,Morning,81.58144597,25,Packing,39.53,28,59.91,MCH-204,16
7/3/2023,24,Female,Morning,59.73688094,22.9,Packing,35.83,23,82.49,MCH-305,12.9
21/2/2023,,Male,Night,77.37247195,24.98,Packing,17.17,27,73.15,MCH-101,21.1
2/1/2023,29,Male,Night,72.78630686,23.85,Packing,28.44,30,77.2,MCH-204,18.5
10/1/2023,46,Male,Night,78.04996043,22.55,Assembly,35.1,31,61.91,MCH-305,18.7
28/2/2023,49,Female,Evening,83.18079028,24.41,Assembly,56.64,25,46.91,MCH-305,15.1
2/1/2023,49,Male,Morning,79.67805431,23.91,Assembly,27.75,18,87.44,MCH-101,10.5
20/2/2023,57,Male,Night,70.46822769,27.17,Assembly,28.9,29,71.69,MCH-101,15.5
15/1/2023,50,Male,Evening,66.3266075,27.2,Packing,39.13,25,73.64,MCH-204,14.6
3/2/2023,32,Male,Night,69.86280563,24.19,Assembly,33.87,28,73.21,MCH-305,18.1
4/2/2023,24,Female,Night,64.428123,25.48,Packing,22.38,20,73.99,MCH-101,13.2
25/1/2023,44,Male,Evening,70.26364611,,Assembly,17.65,28,59.36,MCH-204,19
24/2/2023,56,Female,Night,79.201628,25.01,Inspection,16.39,32,59.71,MCH-305,13.1
9/1/2023,59,Male,Night,64.39478147,26.8,Inspection,43.5,28,59.74,MCH-101,17.1
19/3/2023,29,Female,Evening,53.41176298,27.65,Inspection,24.7,31,75.51,MCH-204,12.8
7/1/2023,29,Male,Morning,72.51832313,24.57,Inspection,58.7,29,57.87,MCH-204,14.9
13/1/2023,,Male,Morning,68.88703721,,Assembly,29.72,20,54.71,MCH-101,11
9/3/2023,91,Female,Evening,30,50.29,Inspection,42.71,30,63.57,MCH-101,15.2
4/2/2023,42,Male,Evening,67.67166006,27.29,Inspection,23.38,26,67.28,MCH-305,12
8/1/2023,41,Male,Morning,67.27798829,27.42,Packing,36.9,23,69.5,MCH-305,16.7
20/1/2023,34,Female,Morning,42.66443732,29.34,Inspection,49.13,33,65.14,MCH-101,17.1
15/1/2023,32,Male,Morning,52.49211855,26.99,Assembly,31.5,31,74.84,MCH-204,15
13/2/2023,53,Male,Night,76.80091402,25.92,Packing,24.14,27,81.67,MCH-101,13
21/1/2023,38,Male,Morning,69.62498237,21.61,Assembly,31.28,29,70.49,MCH-305,16.2
27/3/2023,52,Female,Evening,70.94251945,21.96,Packing,32.84,31,81.62,MCH-305,17.9
26/3/2023,58,Female,Morning,73.60005942,26.26,Assembly,25.14,22,75.5,MCH-101,14.5
3/2/2023,,Female,Night,72.46798911,25.28,Inspection,51.53,24,60.45,MCH-305,13.7
11/3/2023,28,Female,Morning,66.72641577,23.79,Packing,35.19,25,61.53,MCH-204,11.2
15/3/2023,41,Male,Night,74.82197342,26.13,Inspection,47.8,32,61.03,MCH-305,15.7
14/2/2023,45,Male,Evening,68.94970601,26.23,Assembly,45.74,38,68.09,MCH-204,18.2
13/3/2023,31,Male,Morning,53.75647308,27.89,Assembly,52.01,33,67.21,MCH-305,19.3
10/1/2023,44,Male,Night,76.01420699,26.27,Packing,22.41,31,75.95,MCH-204,15.7
21/1/2023,40,Male,Evening,55.2037889,28.46,Assembly,41.45,25,68.43,MCH-101,10.8
3/3/2023,,Female,Evening,72.47217734,26.02,Assembly,29.96,34,72.48,MCH-204,13.6
4/3/2023,30,Female,Night,59.95487475,27.29,Packing,33.58,28,58.32,MCH-101,18.5
15/3/2023,59,Female,Evening,61.4689221,28.13,Inspection,24.19,25,72.42,MCH-305,17.5
25/3/2023,57,Female,Night,76.49470463,24.04,Packing,58.25,34,65.22,MCH-204,11.9
19/3/2023,27,Female,Evening,30,31.63,Assembly,27.65,37,64.49,MCH-204,20.9
1/3/2023,26,Male,Night,56.03182634,26.75,Assembly,41.53,34,63.54,MCH-305,11.8
28/3/2023,41,Female,Morning,67.95043347,26.76,Packing,22.14,42,85.11,MCH-305,13.8
16/1/2023,21,Female,Morning,53.99792061,27.05,Packing,32.46,26,58.2,MCH-204,16.5
4/2/2023,31,Male,,35.27077188,29.75,Inspection,45.61,28,76.77,MCH-101,14.8
12/1/2023,37,Male,Evening,63.37734038,27.59,Assembly,38.47,26,69.53,MCH-305,14
21/2/2023,58,Female,Night,71.90359932,22.79,Assembly,25.58,26,56.4,MCH-204,15
24/2/2023,59,Male,Morning,48.92633741,28.81,Inspection,27.85,37,67.02,MCH-305,18.1
14/3/2023,26,Male,Morning,66.68170861,25.32,Packing,36.63,24,46.63,MCH-305,20.8
27/3/2023,55,Female,Night,66.33375107,26.21,Packing,34.83,27,87.2,MCH-101,15.9
3/2/2023,23,Male,Night,65.03953079,23.44,Inspection,21.87,36,66.32,MCH-101,13.1
15/3/2023,49,Male,Evening,67.73777784,27.05,Packing,31.19,32,81.15,MCH-101,15.3
11/2/2023,53,Male,Evening,82.03923022,24.7,Inspection,33.54,25,83.46,MCH-204,20.9
19/3/2023,55,Male,Evening,72.62696528,26.2,Packing,40.68,30,64.32,MCH-305,17.4
6/3/2023,28,Male,Morning,68.58818093,25.43,Packing,45.13,22,70.29,MCH-101,19
15/1/2023,55,Female,Morning,38.80281832,29.85,Packing,41.71,29,71.85,MCH-204,17.5
19/2/2023,24,Male,Night,30,29.96,Inspection,38.4,30,89,MCH-101,17.8
21/2/2023,,Male,Morning,72.41060529,26.09,Inspection,38.63,31,68.09,MCH-101,15.1
27/2/2023,38,Male,Night,73.72577841,26.13,Inspection,39.77,39,69.46,MCH-305,19.3
26/1/2023,32,Female,Night,72.87882316,25.25,Assembly,44.57,34,56.01,MCH-204,6.5
15/2/2023,20,Male,,40.89104702,28.21,Assembly,51.92,24,61.06,MCH-305,16.7
30/1/2023,50,Male,,76.74716137,25.34,Inspection,25.27,31,65,MCH-101,16.4
13/2/2023,33,Female,Night,78.41324616,25.16,Assembly,30.52,30,83.01,MCH-305,12.4
11/2/2023,46,Male,Morning,56.16772661,27.96,Assembly,45.11,39,88.93,MCH-204,16
6/2/2023,,Male,Evening,66.7855587,27.2,Packing,25.05,28,75.01,MCH-101,16.8
28/1/2023,34,Male,Night,70.85858816,25.92,Packing,22.04,31,73.51,MCH-101,9.8
11/1/2023,55,Male,Night,74.43643979,22.84,Packing,28.58,31,76.85,MCH-101,16.1
15/2/2023,23,Male,Night,54.8566675,27.29,Assembly,35.74,25,63.15,MCH-101,18.9
17/2/2023,49,Female,Morning,40.59947477,29.88,Assembly,30.22,22,83.9,MCH-204,20
27/1/2023,95,Male,Morning,30,48.26,Inspection,38.7,29,55.69,MCH-305,16.9
11/2/2023,35,Male,Morning,54.05211417,28.92,Assembly,32.16,33,65.45,MCH-204,14.8
8/3/2023,30,Male,Morning,68.00767203,24.31,Assembly,31.55,23,76.53,MCH-101,17.9
26/2/2023,20,Female,Morning,49.72239013,27.29,Inspection,18.31,30,65.19,MCH-204,12.5
25/2/2023,57,Female,Night,70.67652375,27.2,Inspection,40.99,27,94.68,MCH-101,17.4
3/3/2023,57,Male,Morning,73.82433908,25.54,Inspection,41.12,20,76.68,MCH-101,14.9
28/1/2023,,Male,Night,61.3013453,27.2,Packing,33.13,31,79.84,MCH-305,18.6
28/1/2023,21,Male,Evening,58.03801903,26.2,Inspection,36.49,32,62.41,MCH-101,13.6
20/3/2023,24,Male,Morning,66.5314004,23.17,Packing,36.47,33,79.65,MCH-204,20.2
12/2/2023,22,Male,Morning,64.98390268,23.37,Assembly,45.51,34,78.1,MCH-204,18.7
2/1/2023,53,Male,Morning,80.43925572,23.24,Assembly,37.23,30,85.65,MCH-305,16.1
30/1/2023,55,Female,Evening,70.57710605,26.98,Packing,21.65,32,48.08,MCH-305,15.9
29/3/2023,26,Male,Morning,30,30.13,Packing,54.08,31,62.19,MCH-101,20.2
23/2/2023,49,Male,Night,52.65749839,28.72,Packing,47.89,17,73.36,MCH-101,21.5
14/2/2023,27,Male,Morning,74.36164732,22.21,Assembly,35.5,23,73.66,MCH-101,14
10/2/2023,34,Female,Morning,47.88898948,28.84,Assembly,36.55,26,69.55,MCH-101,14.1
8/3/2023,43,Male,Night,54.88280965,27.87,Inspection,37.89,30,54.72,MCH-204,19
26/2/2023,48,Male,Evening,81.16874784,22.91,Inspection,27.29,31,71.97,MCH-101,8
18/1/2023,54,Male,Morning,77.45521378,25.39,Assembly,46.15,33,73.09,MCH-305,7.4
25/1/2023,21,Female,Night,46.17475324,28.19,Inspection,45.11,33,69.97,MCH-204,12.8
18/3/2023,27,Female,Morning,54.74398153,27.2,Inspection,34.14,31,69.63,MCH-204,16
18/1/2023,31,Male,Night,71.53759057,23.38,Packing,41.72,32,79.42,MCH-101,11.8
26/3/2023,32,Female,Night,63.78092748,27.22,Assembly,45.43,38,68.46,MCH-101,11.4
25/1/2023,59,Female,Night,63.55371849,27.29,Packing,37.27,32,57.5,MCH-204,13.7
16/1/2023,51,Male,Night,70.07255357,27.29,Assembly,24.69,30,84.03,MCH-305,19.2
21/3/2023,32,Female,Morning,48.59867399,28.28,Assembly,41.86,32,83.47,MCH-101,14
16/3/2023,75,Male,Night,30,50.38,Packing,35.56,34,69.6,MCH-204,18.5
19/1/2023,39,Male,Morning,78.2167087,25,Assembly,24.05,38,78.75,MCH-204,15.5
8/2/2023,40,Male,Evening,63.36034065,27.78,Packing,45.35,,54.76,MCH-101,19.8
11/2/2023,41,Male,Morning,55.71749491,27.95,Packing,37.37,22,68.56,MCH-305,14.4
27/2/2023,25,Female,Evening,42.56133627,28.62,Assembly,32.7,31,52.86,MCH-204,16.4
1/3/2023,57,Male,Night,58.05515337,27.75,Assembly,55.72,23,81.25,MCH-204,15.8
13/3/2023,20,Male,Evening,42.12801089,28.16,Packing,29.55,29,55.04,MCH-204,14.8
2/3/2023,26,Male,Morning,49.69646004,27.47,Inspection,25.57,39,65.89,MCH-101,17.6
17/1/2023,29,Female,Morning,61.67254601,26.53,Inspection,36.56,30,72.16,MCH-204,17.2
26/2/2023,31,Female,Night,71.46798665,26.18,Assembly,33.45,30,78.24,MCH-204,15.9
19/2/2023,41,Female,Evening,75.25650045,25.53,Assembly,29.41,28,,MCH-101,9.4
13/3/2023,20,Male,Evening,67.0470289,23.58,Inspection,49.09,38,81.43,MCH-305,11.7
2/1/2023,47,Female,Evening,67.51870073,27.29,Assembly,23.78,32,78.04,MCH-204,12.4
11/3/2023,58,Female,Morning,74.71003792,25.44,Assembly,38.1,28,83.09,MCH-101,15.9
24/2/2023,24,Female,Evening,60.21447,26.48,Inspection,35.87,37,52.45,MCH-305,15.1
25/3/2023,31,Male,Evening,41.94986835,28.88,Assembly,34.89,31,65.15,MCH-101,12.9
29/1/2023,40,Male,Morning,74.61773137,25.92,Inspection,46.55,28,74.51,MCH-305,12.7
8/2/2023,57,Male,Evening,68.9141987,27.29,Inspection,55.54,20,85.74,MCH-101,17.3
1/3/2023,47,Male,Night,59.4673847,28.16,Inspection,35,31,64.95,MCH-305,13
22/1/2023,50,Male,Night,80.44976713,25.54,Assembly,43.88,28,89.65,MCH-305,7.8
13/1/2023,43,Male,Morning,67.14158133,27.19,Packing,35.41,28,73.53,MCH-101,15.7
15/2/2023,36,Male,Morning,69.89985925,25.51,Packing,35.79,28,62.88,,13.6
7/1/2023,27,Male,Evening,49.09086851,28.64,Packing,39.51,21,58.45,MCH-305,17.5
12/2/2023,54,Male,Morning,69.76537982,27.27,Assembly,36.69,43,77.36,MCH-101,12.9
13/2/2023,52,Female,Morning,79.8005124,23.62,Assembly,25.89,27,63.6,MCH-204,14.5
24/3/2023,21,Male,Night,60.07878848,26.32,Assembly,48.31,33,67.28,MCH-204,16
13/3/2023,48,Female,Evening,47.14339874,29.3,Assembly,39.49,29,71.62,MCH-101,8.6
27/3/2023,23,Female,Morning,68.24172806,25.64,Packing,34.53,16,72,MCH-101,13.4
2/3/2023,49,Female,Morning,62.31643658,27.29,Inspection,28.74,29,89.12,MCH-305,12.8
4/2/2023,53,Female,Morning,65.3614558,27.09,Assembly,37.92,31,73.94,MCH-101,13.7
2/3/2023,25,Male,Morning,64.88083909,23.93,Assembly,32.57,27,63.95,MCH-204,13.6
9/1/2023,37,Female,Morning,62.9161521,27.02,Assembly,36.82,37,62.54,MCH-101,15.1
5/2/2023,41,Female,Night,66.51290246,,Inspection,33.11,39,86.67,MCH-204,15.7
2/1/2023,42,Male,Night,68.18731681,,Packing,26.69,31,64.85,MCH-204,17
19/1/2023,57,Male,Morning,57.82306999,28.15,Assembly,51.1,32,75.85,MCH-101,16.7
5/2/2023,23,Female,Evening,51.77946019,27.29,Packing,25.56,24,71.92,MCH-204,18.7
11/2/2023,35,Male,Night,71.92298712,25.39,Assembly,27.19,24,74.21,MCH-204,18
10/1/2023,41,Male,Night,69.57920866,26.89,Packing,41.78,27,83.98,MCH-305,19.3
4/1/2023,32,Female,Morning,68.82067327,25.88,Assembly,38.1,40,72.83,MCH-204,18.8
26/2/2023,25,Female,Night,61.59547332,26.03,Packing,41.61,27,78.17,MCH-305,13.6
8/3/2023,39,Male,Morning,60.85480194,27.31,Assembly,40.03,37,73.06,MCH-305,14.2
16/1/2023,40,Male,Morning,64.46049618,27.29,Assembly,27.47,26,65.46,MCH-305,14.4
27/1/2023,46,Male,Evening,74.96464371,26.08,Packing,41.7,25,74.94,MCH-305,18.7
17/3/2023,32,Female,Night,73.50312782,25.38,Packing,28.57,27,63.49,MCH-204,14.5
16/2/2023,58,Female,Morning,76.70042316,22.83,Inspection,45.54,27,58.36,MCH-204,17.5
13/3/2023,40,Male,Morning,72.8844094,24.16,Inspection,25.02,26,75.82,MCH-101,9.5
27/1/2023,31,Male,Morning,42.7359684,29.14,Inspection,27.07,38,74.64,MCH-305,8.9
23/1/2023,58,Female,Evening,68.76763477,26.77,Inspection,27.35,30,73.61,MCH-204,19.1
23/3/2023,56,Male,Night,75.11358048,23.35,Packing,38.1,29,69.77,MCH-305,16.7
8/1/2023,39,Male,Morning,77.53661848,22.92,Inspection,34.48,30,69.28,MCH-305,18.8
14/1/2023,20,Male,Morning,64.13535677,25.78,Assembly,36.15,35,59.17,MCH-101,10.7
16/3/2023,43,Female,Morning,62.77784984,27.29,Packing,33.82,30,51.38,MCH-305,15.8
26/1/2023,42,Male,Morning,71.55767519,25.63,Assembly,34.47,32,78.88,MCH-204,10.8
15/2/2023,25,Female,Morning,56.19326844,27.29,Inspection,30.18,35,78.74,MCH-204,17.9
24/2/2023,45,Female,Evening,68.24304912,26.7,Inspection,19.89,25,67.49,MCH-204,15.4
6/2/2023,53,Male,Evening,72.77434719,26.94,Inspection,21.05,26,84.72,MCH-204,14.9
16/3/2023,24,Female,Evening,62.58391663,23.33,Packing,26.99,31,75,MCH-305,17.9
26/3/2023,41,Female,Morning,58.93985492,27.88,Assembly,31.78,26,73.38,MCH-204,15
17/1/2023,25,Male,Evening,68.40551672,25.33,Assembly,49.65,29,90.18,MCH-101,14.9
26/3/2023,49,Female,Morning,62.4936558,27.73,Packing,24.81,24,57.45,MCH-305,10.9
28/1/2023,36,Male,Evening,77.16697264,24.37,Inspection,24.08,26,69.53,MCH-204,19.3
20/2/2023,75,Male,Morning,30,50.41,Inspection,16.8,36,61.48,MCH-204,15.6
28/3/2023,86,Male,Night,30,52.71,Packing,40.01,28,66.32,MCH-101,16.9
7/2/2023,41,Female,Morning,69.10128216,27.29,Assembly,32.87,28,69.33,MCH-305,11.2
10/2/2023,43,Male,Morning,71.57369061,26.81,Assembly,22.06,26,69.56,MCH-101,19.4
6/3/2023,27,Male,Night,67.15480729,25.47,Assembly,34.71,26,59.27,MCH-101,15.8
9/2/2023,57,Female,Evening,79.02760237,24.7,Assembly,29.17,25,70.68,MCH-204,20.4
4/2/2023,49,Female,Morning,45.32329599,29.21,Inspection,47.95,24,61.75,MCH-204,18.2
9/3/2023,52,Female,Night,60.23093636,28.1,Inspection,28.29,26,81.97,MCH-101,7.9
28/3/2023,37,Female,Morning,80.62016583,24.48,Packing,51.98,29,77.65,MCH-305,17.6
13/2/2023,38,Male,Night,68.47057534,27.14,Packing,36.72,33,73.44,MCH-305,18
24/3/2023,77,Female,Night,30,50.57,Packing,31.05,30,65.24,MCH-305,17.1
22/3/2023,51,Male,Evening,64.86109544,27.29,Inspection,32.43,25,71.55,MCH-101,15.8
27/1/2023,53,Male,Evening,60.88191243,28.07,Inspection,37.93,27,77.07,MCH-305,14.6
24/3/2023,20,Male,Evening,52.18494132,22.59,Inspection,32.32,27,66.6,MCH-204,15.1
8/2/2023,46,Female,Evening,64.27471368,27.85,Packing,25.74,27,54.1,MCH-101,19.4
10/3/2023,24,Female,Morning,66.68380585,25.49,Inspection,41.31,28,77.19,MCH-101,19.6
1/2/2023,90,Male,Morning,30,50,Assembly,44.92,34,75.3,MCH-101,14.6
9/1/2023,53,Male,Morning,61.81556815,27.2,Inspection,45.27,33,73.21,MCH-305,12.8
9/3/2023,30,Male,Night,57.61939853,27.16,Assembly,33.4,38,62.41,MCH-305,19
11/2/2023,51,Female,Morning,76.19165312,24.35,Assembly,45.92,26,79.6,MCH-204,17.9
8/2/2023,38,Male,Evening,59.25158258,27.44,Assembly,38.15,24,81.49,MCH-305,15.8
23/2/2023,29,Female,Night,64.82836816,26.23,Inspection,32.07,28,72.82,MCH-305,12.3
19/2/2023,33,Male,Night,73.50556715,23.49,Packing,29.39,36,66.04,MCH-305,10.1
29/3/2023,41,Male,Morning,72.67908794,25.66,Assembly,44.21,19,66.25,MCH-305,17.4
13/3/2023,50,Female,Morning,54.3410548,28.76,Assembly,18.17,31,66.05,MCH-204,13.5
7/1/2023,44,Male,Night,42.59478569,29.35,Inspection,48.89,28,65.59,MCH-204,13.4
7/1/2023,57,Male,Morning,65.32779537,27.29,Inspection,36.26,33,66.46,MCH-204,16.4
10/3/2023,81,Male,Morning,30,48.9,Assembly,29.03,32,73.23,MCH-305,13.5
28/1/2023,50,Female,Night,70.23412987,26.98,Packing,27.85,33,78.96,MCH-305,13.6
18/3/2023,78,Male,Night,30,52.01,Inspection,30.57,32,84.51,MCH-101,13
24/1/2023,31,Male,Night,62.68193608,27.45,Assembly,42.06,44,60.87,MCH-101,17.1
27/3/2023,36,Male,Night,54.4440503,27.57,Packing,38.12,39,62.5,MCH-305,12.2
30/1/2023,24,Female,Morning,55.59591605,26.73,Inspection,30.41,34,78.44,MCH-101,10.6
25/3/2023,34,Female,Morning,66.75846241,27.29,Packing,29.59,28,60.87,MCH-204,12.1
22/1/2023,57,Female,Morning,68.05063911,24.78,Assembly,38.14,28,58.42,MCH-204,19.3
6/2/2023,37,Male,Morning,74.54720786,22.2,Packing,62.44,36,60.57,MCH-204,13.3
2/3/2023,24,Female,Night,60.03747967,26.68,Assembly,62.33,36,68.24,MCH-101,16.5
16/1/2023,46,Male,Morning,68.72766281,27.29,Inspection,45.51,26,86.36,MCH-204,14.1
28/2/2023,58,Female,Evening,64.61765025,27.12,Assembly,27.26,20,68.72,MCH-204,14.4
3/1/2023,54,Female,Night,71.412818,,Assembly,42.54,21,72.74,MCH-204,19.1
10/3/2023,95,Female,Night,30,47.92999554,Inspection,27.56,36,58.02,MCH-305,15.4
9/3/2023,38,Female,Morning,30,30.11,Assembly,32.71,37,80.74,MCH-305,20
21/1/2023,41,Male,Evening,72.14096937,26.16,Packing,48.66,30,78.72,MCH-204,20.8
9/2/2023,29,Male,Evening,67.08168974,25.88,Inspection,32.56,32,65.31,MCH-204,19.8
10/1/2023,30,Female,Morning,63.57927475,26.62,Packing,32.17,39,63.13,MCH-305,13.4
19/1/2023,,Female,Morning,32.16548619,30.06,Inspection,29.94,40,79.58,MCH-305,15.5
21/3/2023,59,Female,Morning,67.60196708,,Assembly,26.83,33,67.74,MCH-101,19.4
2/3/2023,49,Female,Night,69.25548011,26.41,Packing,32.38,30,63.36,MCH-305,17.4
27/3/2023,77,Male,Night,30,48.8,Inspection,42.4,28,66.33,MCH-204,18.5
9/3/2023,52,Male,Evening,67.04972789,27.2,Packing,41.77,29,72.39,MCH-305,18.7
9/2/2023,,Male,Morning,67.24499986,27.2,Inspection,37.94,26,77.32,MCH-204,18.9
9/2/2023,24,Female,Evening,34.10108044,28.69,Inspection,46.76,33,73.23,MCH-101,12.1
24/3/2023,55,Male,Night,39.69848789,29.6,Packing,17.75,29,72.72,MCH-305,14.8
24/1/2023,22,Male,Morning,61.29077692,26.9,Packing,35.53,26,67.6,MCH-101,13.1
5/1/2023,39,Male,Morning,61.94884781,,Packing,27.91,36,71.46,MCH-204,14.7
14/3/2023,43,Female,Morning,30,30.99,Packing,54.84,33,66.09,MCH-204,15.6
10/1/2023,34,Male,Evening,73.450232,25.14,Inspection,32.44,31,67.3,MCH-204,15.3
19/3/2023,,Male,Night,76.91179585,24.86,Packing,42.42,29,84.22,MCH-204,13.2
22/2/2023,27,Male,Night,66.51296255,22.45,Packing,44.97,32,70.42,MCH-101,11.2
1/3/2023,,Female,Morning,54.60445609,28.79,Packing,,28,66.32,MCH-305,10.4
14/2/2023,32,Female,Morning,53.30562226,27.94,Packing,44.3,44,63.26,MCH-305,20.5
2/1/2023,,Female,Evening,30,30.84,Packing,45.42,41,47.99,MCH-204,18.7
7/3/2023,,Female,Morning,77.3927544,23.22,,42.9,26,90.87,MCH-204,16
28/2/2023,25,Male,Night,40.37295307,28.92,Assembly,29.78,29,91.96,MCH-101,6.4
2/1/2023,56,Female,Morning,74.94219416,26.14,Assembly,20.69,26,76.28,MCH-101,12.5
26/3/2023,,Male,Evening,63.2756288,,Inspection,56.38,21,59.65,MCH-204,16.5
2/1/2023,81,Male,Night,30,49.61,Packing,32.09,39,97.35,MCH-204,17.5
16/1/2023,26,Female,Night,38.28576665,28.94,Packing,45.04,29,55.96,MCH-305,14.1
1/2/2023,81,Female,Night,30,49.01,Inspection,30.35,25,73.93,MCH-305,16.7
20/1/2023,31,Female,Morning,66.31835013,25.92,Packing,55.98,21,52.87,MCH-305,14.7
27/3/2023,43,Male,Morning,65.88402506,27.2,Packing,30.02,31,48.28,MCH-204,18.4
18/2/2023,26,Male,Evening,66.09665821,24.47,Packing,36.01,32,72.32,,14.9
22/2/2023,38,Male,Morning,76.15519796,24.84,Assembly,58.22,32,73.59,MCH-101,14.8
27/2/2023,24,Female,Evening,61.38481775,25.07,Packing,19.02,35,71.19,MCH-101,13.5
31/1/2023,41,Male,Evening,74.31642838,22.29,Assembly,47.06,34,84.93,MCH-204,
28/1/2023,20,Female,Evening,46.12344847,27.72,Packing,34.75,24,69.52,MCH-204,16.2
29/1/2023,,Male,Morning,55.19950024,28.38,Packing,42.08,25,78.12,MCH-101,11.5
30/1/2023,80,Male,Evening,30,49.76,Inspection,31.52,35,62.17,MCH-101,16.2
26/2/2023,27,Male,Evening,64.98757046,26.7,Inspection,51.36,27,82.95,MCH-101,15.6
22/3/2023,26,Male,Morning,61.81745727,25.47,Packing,26.88,23,83.8,MCH-204,17.9
6/1/2023,53,Male,Night,73.39021877,26.66,Packing,35.37,23,67.45,MCH-305,14.7
6/1/2023,22,Male,Morning,65.12736786,24.74,Packing,44.35,35,73.75,MCH-305,12.1
15/2/2023,37,Female,Night,80.53553657,24.23,Assembly,26.8,35,63.01,MCH-204,13.6
16/1/2023,43,Male,Morning,56.05512373,28.1,Packing,36.27,31,67.8,MCH-305,20.5
10/1/2023,40,Female,Night,73.68152302,25.87,Inspection,24.75,25,77.37,MCH-101,14.4
13/1/2023,47,Male,Evening,35.01881419,30.04,Assembly,30.98,30,74.85,MCH-305,18.1
8/2/2023,,Male,Morning,72.52004042,26.09,Packing,61.25,29,52.71,MCH-101,10.9
27/1/2023,35,Female,Morning,74.54607369,24.15,Assembly,48.42,28,58.63,MCH-204,16.2
12/2/2023,53,Female,Night,61.80530265,28.45,Assembly,41.66,33,64.12,MCH-204,10.4
26/1/2023,32,Male,Night,64.68634283,27.26,Assembly,38.69,28,72.2,MCH-101,15.2
29/1/2023,59,Female,Morning,57.80126488,27.45,Assembly,19.34,33,60.82,MCH-101,12.8
22/3/2023,40,Female,Evening,60.46963529,28.38,Packing,33.13,32,55.86,MCH-305,12.2
5/3/2023,49,Male,Evening,78.48183277,24.69,Inspection,44.22,23,43.71,MCH-101,11.9
6/3/2023,85,Male,Morning,30,50.8,Assembly,30.58,40,90.86,MCH-204,14.4
14/3/2023,51,Female,Evening,78.06244401,25.66,Inspection,38.61,33,72.02,MCH-204,9.3
19/2/2023,54,Male,Night,77.43178672,23.42,Assembly,24.97,22,55.57,MCH-305,10.7
11/2/2023,,Male,Night,78.15109565,25.47,Inspection,24.12,23,80.33,MCH-101,15.3
27/3/2023,21,Female,Night,39.18025805,28.67,Assembly,57.81,38,84.94,MCH-101,9.8
10/3/2023,39,Male,Morning,63.57462587,26.47,Assembly,56.29,31,72.13,MCH-305,10.4
2/3/2023,27,Male,,71.68309872,23.31,Packing,34.14,33,76.23,MCH-204,20.4
28/1/2023,55,Male,Evening,72.47609633,27.29,Packing,27.22,32,83.09,MCH-101,19.7
25/1/2023,29,Female,Morning,39.16185116,29.33,Assembly,25.58,35,76.06,MCH-305,12.5
17/1/2023,29,Male,Evening,71.38331695,25.82,Inspection,39.02,36,76.33,MCH-305,16
26/1/2023,97,Female,Morning,30,47.1,Packing,54.35,26,54.66,MCH-305,12.5
12/3/2023,45,Male,,74.61383615,25.45,Packing,28.01,33,42.71,MCH-305,12.7
6/3/2023,42,Female,Morning,79.49672066,23.05,Packing,36.99,23,78.61,MCH-101,5.6
22/3/2023,41,Female,Morning,50.59903615,28.85,Packing,36.49,25,67.76,MCH-305,19.6
11/1/2023,36,Female,Night,72.31652373,25.21,Assembly,51.66,28,65.45,MCH-101,16.7
24/1/2023,31,Female,Morning,47.40249254,28.73,Inspection,37.81,21,79.73,MCH-204,17.2
31/1/2023,21,Male,Night,44.48035465,27.2986305,Packing,21.04,26,60.45,MCH-305,16.6
5/1/2023,20,Female,Morning,30.3967364,28.86,Packing,42.53,19,69.63,MCH-305,14.4
7/3/2023,79,Female,Morning,30,53.1,Inspection,36.71,30,70.57,MCH-204,13.5
8/2/2023,57,Female,Evening,69.02210532,27.71,Packing,26.33,38,76.9,MCH-305,14.9
19/3/2023,88,Female,Night,30,49.5,Inspection,45.6,30,73.41,MCH-101,19.4
28/3/2023,55,Female,Morning,60.34370994,27.25,Assembly,31.87,30,73.42,MCH-204,15.1
30/1/2023,24,Male,Morning,58.02655075,26.7,Packing,38.33,28,65.95,MCH-204,20.8
12/1/2023,23,Male,Morning,58.89933559,25.53,Inspection,36.44,35,66.22,MCH-101,12.7
31/1/2023,53,Male,Evening,41.78181214,29.83,Packing,32.01,30,73.4,MCH-101,10.5
12/3/2023,24,Male,Evening,65.53556251,24.19,Assembly,26.88,25,64.99,MCH-204,12.2
25/2/2023,22,Male,Morning,60.78253854,26.01,Inspection,40.6,31,61.71,MCH-305,14.5
9/2/2023,36,Female,Night,73.21067119,26.03,Inspection,22.8,38,82.86,MCH-101,19.2
24/3/2023,56,Male,Evening,64.11196088,27,Inspection,44.28,23,63.25,MCH-101,13.5
17/2/2023,47,Male,Evening,72.81599538,25.14,Packing,26.46,25,65.41,MCH-101,10.6
3/1/2023,41,Female,Morning,71.542905,26.63,Inspection,23.35,29,82.27,MCH-204,15
13/1/2023,53,Female,Morning,77.73867751,25.66,Inspection,49.02,28,63.1,MCH-305,18.7
6/3/2023,53,Female,Morning,77.16827614,22.84,Inspection,35.94,32,73.21,MCH-101,15
12/1/2023,52,Male,Morning,72.3295806,26.02,Assembly,15.96,25,74.09,MCH-204,15.6
19/3/2023,41,Female,Morning,78.70436436,23.8,Inspection,34.87,27,69.1,MCH-204,14.9
26/1/2023,29,Female,Night,64.90155306,22.53,Inspection,41.11,30,66.12,MCH-305,14.4
20/1/2023,79,Male,Morning,30,50.55,Inspection,41.39,30,58.74,MCH-204,22.2
7/3/2023,83,Female,Evening,30,50.2,Assembly,27.26,43,76.28,MCH-204,18.9
12/3/2023,52,Male,Morning,65.44981362,27.05,Inspection,28.68,34,81.03,MCH-101,20.6
11/2/2023,43,Male,Evening,68.71097376,27.13,Packing,36.63,22,79.96,MCH-101,23.7
8/3/2023,51,Male,Morning,65.10749109,27.2,Inspection,45.39,25,73.71,MCH-101,18.9
5/1/2023,45,Male,Evening,80.48828127,23.28,Packing,21.85,23,50.24,MCH-204,13.6
5/3/2023,45,Male,Evening,31.6173713,29.95,Assembly,22.42,38,77.69,MCH-305,17.6
28/3/2023,44,Male,Evening,79.04165908,23.91,Assembly,48.71,25,68.92,MCH-305,20.7
12/3/2023,51,Female,Evening,70.25828067,27.22,Inspection,47.18,33,64.08,MCH-305,16.6
3/2/2023,49,Male,Morning,66.15203809,27.2,Inspection,25.58,32,76.58,MCH-204,14
14/1/2023,25,Male,Night,62.17363597,26.16,Assembly,31.13,23,72.26,MCH-101,19.1
14/3/2023,53,Male,Night,81.42689349,24.73,Assembly,56.08,28,80.09,MCH-204,11.2
22/2/2023,41,Male,Night,61.34781449,27.12,Assembly,43.8,29,73.41,MCH-101,15.4
13/2/2023,32,Female,Evening,68.66307613,26.27,Packing,34.51,22,67.33,MCH-204,17.3
31/1/2023,40,Male,Night,78.72851659,25.1,Packing,46.43,39,66.51,MCH-204,14.7
3/1/2023,58,Female,Evening,83.11210659,23.9,Inspection,30.18,31,76.11,MCH-305,16.9
18/3/2023,54,Female,Night,72.39087859,26.54,Packing,36.58,38,56.62,MCH-204,17
24/1/2023,53,Male,Morning,82.36377574,23.57,Assembly,31.9,41,64.98,MCH-305,16.7
3/1/2023,38,Male,Morning,69.98145168,26.85,Inspection,42.08,31,48.06,MCH-204,14.4
5/3/2023,51,Female,Evening,30,31.25,Packing,42.02,32,74.21,MCH-305,13.8
8/2/2023,35,Female,Morning,48.61543381,28.7,Inspection,37.23,26,76.45,MCH-204,14.7
30/1/2023,47,Female,Night,68.74704216,27.44,Packing,40.04,37,62.31,MCH-204,10.9
14/3/2023,41,Male,Morning,79.56963413,25.83,Inspection,46.37,30,59.06,MCH-101,19.1
17/3/2023,41,Male,Morning,71.12198664,22.12,Assembly,39.66,28,79.53,MCH-101,16.6
9/2/2023,30,Female,Morning,69.62936492,23.36,Assembly,37.26,26,62.86,MCH-101,15.5
11/3/2023,22,Female,Evening,38.70384233,28.57,Assembly,39.27,30,76.43,MCH-204,13
22/3/2023,25,Male,Night,66.36763159,24.42,Packing,47.12,33,69.86,MCH-101,15.4
27/3/2023,,Female,Evening,78.67705494,24.6,Inspection,25.76,31,64.71,MCH-101,15.3
7/3/2023,39,Female,Night,66.82161454,25.67,Inspection,39.16,32,75.8,MCH-204,13.7
22/2/2023,26,Male,Night,65.35101065,23.88,Inspection,16.13,29,70.32,MCH-204,18.2
5/2/2023,36,Male,Night,74.75279644,23.55,Packing,32.17,33,84.94,MCH-101,11.6
25/1/2023,,Female,Evening,78.63026285,25.9,Assembly,53.85,32,62.65,MCH-101,12.3
12/2/2023,29,Female,Evening,72.91111908,24.22,Assembly,27.1,36,56.75,MCH-204,18.3
17/1/2023,33,Male,Morning,71.44093322,24.52,Inspection,18.69,34,69.84,MCH-204,19.5
4/3/2023,34,Male,Evening,64.25078132,,Inspection,25.54,31,74.76,MCH-305,15.8
28/3/2023,40,Female,Night,66.5498995,,Packing,42.13,32,68.12,MCH-305,12
22/1/2023,34,Male,Evening,71.08329349,25.54,Inspection,33.69,24,87.98,MCH-204,19
8/3/2023,,Female,Evening,72.56562207,25.64,Inspection,24.94,36,82.13,MCH-204,15.6
15/1/2023,33,Female,Morning,63.18800189,27.19,Packing,47.08,29,64.74,MCH-101,15.4
6/3/2023,37,Female,Evening,71.52508181,25.72,Inspection,39.27,29,70.64,MCH-305,19.6
15/1/2023,35,Male,Morning,71.55381154,25.44,Assembly,23.43,28,51.95,MCH-101,17.5
3/1/2023,27,Male,Night,63.76434003,26.94,Packing,32.78,26,80.52,MCH-305,13.9
14/1/2023,47,Male,Evening,65.44461749,27.34,Assembly,56.33,26,63.2,MCH-101,10.3
19/1/2023,29,Female,Morning,68.54909675,25.71,Inspection,31.9,25,71.99,MCH-305,14.1
30/1/2023,31,Male,Morning,66.34232382,26.16,Inspection,18.06,29,67.43,MCH-204,16.4
2/3/2023,51,Male,Night,78.11383664,24.44,Packing,39.7,34,55.11,MCH-204,16.9
17/3/2023,57,Male,Night,77.35775164,24.28,Packing,38.83,30,78.34,MCH-204,11.3
15/2/2023,46,Male,Night,67.62223084,27.54,Packing,48.33,33,59.41,MCH-101,13.1
15/3/2023,56,Male,Morning,65.99288674,26.89,Packing,31.08,32,64.81,MCH-305,6.1
17/3/2023,54,Female,Morning,65.24257616,27,Inspection,39.42,28,78.53,MCH-101,16
18/1/2023,39,Female,Morning,70.91997593,26.56,Inspection,37.47,36,60.29,MCH-204,9.9
4/3/2023,50,Male,Night,67.17827401,27,Assembly,34.94,35,84.91,MCH-305,13.6
3/2/2023,33,Male,Night,64.57484913,27.2,Assembly,38.24,34,60.13,MCH-305,12.3
22/3/2023,38,Male,Night,61.30541202,27.87,Packing,41.02,32,58.3,MCH-101,17
15/3/2023,41,Male,Morning,61.0221264,27.82,Inspection,40.5,28,70.47,MCH-204,16.2
7/1/2023,58,Male,Morning,73.94390082,25.8,Packing,44.18,28,86.34,MCH-101,12.8
26/1/2023,41,Female,Night,41.83371309,28.77,Packing,12.2,30,69.94,MCH-101,15.5
6/3/2023,75,Male,Night,30,50.05,Packing,20.04,37,79.81,MCH-204,17
15/2/2023,46,Male,Night,67.82367017,27.29,Packing,37.13,36,56.59,MCH-204,15.9
28/1/2023,28,Female,Morning,65.86266788,26.56,Packing,36.16,23,66.34,MCH-101,4.9
6/3/2023,41,Female,Morning,72.57381493,26.49,Inspection,24.83,31,66.97,MCH-305,21.9
24/1/2023,42,Female,Morning,80.10881066,24.53,Assembly,31.65,18,57.39,MCH-204,16.6
19/3/2023,41,Female,Night,63.76338642,27.4,Packing,26.74,28,54.09,MCH-204,18.4
5/3/2023,41,Female,Night,67.00991187,27.29,Inspection,40.88,27,67.58,MCH-204,12.8
8/3/2023,45,Female,Morning,74.16780916,25.25,Packing,26.08,33,85.8,MCH-204,12.2
22/1/2023,22,Male,Morning,58.33076057,26.14,Inspection,37.15,25,72.19,MCH-305,13.4
14/2/2023,31,Male,Night,78.56757801,25.11,Assembly,45.25,22,63.17,MCH-305,21
6/2/2023,27,Male,Morning,69.17749275,25.02,Assembly,26.29,28,49.63,MCH-101,14
27/3/2023,49,Male,Night,47.2589938,29.09,Inspection,21.59,30,66.28,MCH-101,14.8
2/1/2023,78,Male,Night,30,50.19,Packing,27.39,21,65.6,MCH-204,20.6
5/2/2023,28,Male,Night,64.88264734,25.05,Assembly,26.3,36,73.85,MCH-101,13.9
8/1/2023,43,Male,Night,74.03503924,22.83,Packing,35.4,29,67.46,MCH-305,15
6/1/2023,47,Female,Evening,78.32357368,24.48,Packing,17.99,30,76.32,MCH-204,11
21/2/2023,40,Male,Evening,78.54530733,22.58,Inspection,51.06,36,77.68,MCH-204,20.8
27/2/2023,54,Female,Morning,67.3385307,27.26,Packing,22.44,26,69.3,MCH-204,12.7
25/3/2023,56,Male,Night,30,31.6,Inspection,21.51,37,69.44,MCH-101,14.5
8/1/2023,25,Male,Night,56.14005295,27.2,Inspection,35.61,30,70.34,MCH-204,5
15/3/2023,58,Female,Morning,74.89818712,22.67,Inspection,33.77,34,52.55,MCH-204,14.5
16/2/2023,,Male,Night,63.38689859,27.8,Assembly,48.71,32,77.2,MCH-305,14.8
15/1/2023,,Male,Morning,75.50004658,24.55,Packing,32.26,33,86.97,MCH-204,13.8
22/2/2023,23,Female,Evening,39.89164142,28.6,Inspection,32.15,30,70.59,MCH-101,9.8
6/1/2023,44,Female,Morning,70.43876037,25.44,Inspection,41.48,28,62.17,MCH-204,16.6
20/1/2023,49,Male,Evening,76.75950394,24.74,Packing,44.47,40,69.93,MCH-101,9.3
4/2/2023,43,Female,Evening,70.23721105,25.64,Assembly,15.55,30,65.65,MCH-305,10
12/1/2023,23,Female,Evening,52.62848345,27.2,Inspection,35.65,25,70.27,MCH-305,14.2
28/2/2023,,Male,Night,77.80995597,25.55,Inspection,56.55,37,66.88,MCH-204,18.6
24/1/2023,57,Male,Night,80.59094786,25.01,Inspection,28.77,28,48.47,MCH-305,14.9
4/1/2023,48,Male,Evening,79.80383791,25.6,Inspection,36.5,21,70.95,MCH-204,15.9
18/1/2023,41,Female,Night,76.32654547,23.46,Packing,45.2,26,92.24,MCH-305,13
21/3/2023,58,Female,Evening,73.71175623,26.79,Inspection,39.86,20,56.64,MCH-305,13
11/2/2023,58,Female,Morning,81.92320445,22.43,Assembly,24.49,26,80.97,MCH-101,17.6
20/3/2023,26,Female,Morning,71.54296782,25.11,Packing,34.33,39,74.01,MCH-101,18.7
4/3/2023,52,Male,Morning,59.29655905,27.52,Assembly,22.6,32,60.81,MCH-204,18.3
10/3/2023,41,Male,Morning,75.26343399,26.61,Packing,24.31,30,56.57,MCH-204,16.8
22/1/2023,43,Male,Evening,63.57165627,27.18,Packing,46.09,27,72.63,MCH-101,16
3/2/2023,37,Male,Evening,70.06299993,27.2,Packing,43.56,29,73.61,MCH-305,10.7
3/2/2023,41,Female,Morning,56.45144827,28.34,Assembly,52.86,36,54.92,MCH-204,13.3
9/3/2023,59,Female,Night,67.2872852,27.85,Assembly,44.24,21,79.26,MCH-305,12.9
2/3/2023,51,Male,Evening,74.17711039,26.89,Inspection,33.58,45,65.06,MCH-101,15.2
28/1/2023,57,Female,Morning,58.26715318,27.86,Assembly,24.86,26,74.93,MCH-305,17.3
6/1/2023,57,Female,Morning,62.50050084,27.5,Inspection,48.97,29,77.03,MCH-305,14
26/1/2023,23,Male,Evening,64.70930298,25.12,Packing,41.26,29,78.96,MCH-204,7.5
6/2/2023,30,Male,Morning,68.92652591,23.31,Inspection,43,29,60.11,MCH-305,18.8
23/3/2023,48,Female,Night,67.02371706,26.84,Assembly,40.73,27,90.11,MCH-101,12.3
18/2/2023,41,Female,Evening,71.20332984,27.09,Packing,46.86,34,60.79,MCH-305,12.5
26/1/2023,22,Female,Night,49.23727788,28.18,Packing,19.76,36,78.94,MCH-101,16.9
10/1/2023,78,Male,Evening,30,49.74,Inspection,22.86,35,65.01,MCH-101,13.5
11/2/2023,40,Female,Evening,68.6113985,,Inspection,26.28,30,70.52,MCH-204,15.1
20/3/2023,44,Male,Evening,67.07266424,,Assembly,38.64,27,68.75,MCH-101,16
12/1/2023,26,Female,Evening,53.90095755,,Packing,30.43,29,74.67,MCH-101,15.4
1/1/2023,26,Male,Night,66.89549382,22.23,Inspection,46.28,30,80.48,MCH-204,14.2
28/2/2023,25,Male,Morning,60.08368264,26.75,Packing,34.83,25,63.88,MCH-204,15.4
29/1/2023,42,Female,Evening,76.23288069,22.3,Assembly,58.19,31,61.23,MCH-204,22
11/1/2023,20,Male,Morning,62.21140486,24.11,Packing,52.14,39,49.37,MCH-101,18.9
21/2/2023,41,Male,Night,53.92492828,28.7,Inspection,36.39,29,71.8,MCH-204,17.9
17/3/2023,39,Female,Morning,39.51569234,29.65,Assembly,21.42,32,68.31,MCH-101,16.4
6/2/2023,95,Male,Evening,30,49.45,Assembly,41.89,27,71.09,MCH-101,20.1
28/2/2023,47,Female,Night,81.7828135,25.34,Packing,23.87,34,68.98,MCH-101,17.9
12/2/2023,40,Male,Evening,77.58499352,26.09,Inspection,25.25,27,77.59,MCH-204,19.2
8/3/2023,49,Male,Morning,44.61979657,29.56,Packing,31.06,28,64.94,MCH-101,19.3
3/2/2023,50,Male,Evening,77.87691795,25.01,Packing,30.87,33,73.49,MCH-101,17.3
13/1/2023,56,Male,Night,76.84764609,25.05,Packing,40.53,25,69.68,MCH-204,16.9
8/3/2023,51,Male,Morning,50.80305419,29.1,Inspection,38.27,32,60.39,MCH-204,14.3
5/3/2023,40,Female,Morning,76.32883543,25.25,Packing,24.91,35,63.14,MCH-101,21.1
21/1/2023,39,Female,Morning,67.10578368,27.44,Packing,32.04,31,79.2,MCH-101,15.1
4/1/2023,29,Male,Night,69.64216417,23.05,Assembly,21.4,34,78.24,MCH-101,11.9
6/1/2023,41,Female,Evening,73.26629287,25.66,Assembly,39.02,24,77.39,MCH-204,16.3
5/2/2023,25,Female,Night,66.31460694,22.68,Assembly,16.4,32,68.31,MCH-204,14.6
1/2/2023,57,Male,Night,78.29731648,23.89,Inspection,32.65,28,47.57,MCH-305,12.2
19/2/2023,53,Male,Evening,61.41851699,27.68,Packing,28.54,32,53.36,MCH-204,12.4
12/2/2023,24,Male,Night,60.48203271,25.9,Packing,40.45,38,67.37,MCH-101,15.3
28/1/2023,41,Female,Morning,76.49740945,25.36,Assembly,26.91,15,54.82,MCH-204,15.5
10/2/2023,24,Female,Morning,67.82465502,24.5,Packing,26.5,27,81.45,MCH-204,10.9
1/3/2023,42,Male,Evening,65.96261769,27.2,Inspection,38.96,19,61.91,MCH-305,14
14/1/2023,23,Female,Evening,62.980489,26.6,Packing,39.5,24,67.25,MCH-305,18
25/2/2023,39,Female,Morning,63.15386447,27.97,Assembly,24.54,28,87.35,MCH-101,7.3
14/3/2023,42,Male,Morning,64.98929611,20.75,Inspection,40.89,34,80.31,MCH-305,14.3
1/2/2023,49,Female,Morning,80.49867543,24.34,Packing,59.57,34,73.46,MCH-101,15.1
15/1/2023,36,Female,Night,75.76573639,26.32,Packing,30.28,34,72.21,MCH-101,17
17/2/2023,56,Male,Morning,73.40034688,25.8,Packing,22.72,33,62.44,MCH-101,14.4
20/3/2023,73,Male,Night,30,48.4,Inspection,35.55,23,77.61,MCH-101,13.8
18/2/2023,73,Male,Evening,30,51.46,Packing,21.18,34,72.13,MCH-305,16.8
20/2/2023,46,Male,Evening,73.71748545,25.39,Assembly,32.41,27,68.65,MCH-101,14.8
18/1/2023,49,Male,Night,81.06468305,24.95,Assembly,29.95,32,76.41,MCH-101,20.3
4/1/2023,33,Female,Morning,62.09771587,27.29,Assembly,41.92,25,76.59,MCH-204,16.9
24/1/2023,49,Male,Morning,54.17821592,28.3,Assembly,17.44,29,60.29,MCH-101,17.4
5/3/2023,55,Female,Evening,80.49875546,24.54,Inspection,19.21,30,79.17,MCH-204,15.2
10/2/2023,52,Male,Night,75.74642475,25.87,Assembly,38.82,32,69.14,MCH-305,20.6
25/1/2023,89,Female,Evening,30,51.11,Assembly,40.42,26,70.83,MCH-204,13.3
21/1/2023,45,Female,Night,45.58448997,29.12,Assembly,13.53,33,56.84,MCH-305,11.6
11/1/2023,30,Male,Night,68.32265274,25.4,Inspection,50.21,23,57.15,MCH-305,14.7
13/2/2023,89,Male,Morning,30,52.27,Inspection,43.76,39,55.45,MCH-204,14.2
23/1/2023,130,Male,Night,52.83726764,28.46,Packing,28.28,26,93.93,MCH-305,14.6
20/3/2023,41,Female,Evening,76.50011233,25.87,Assembly,35.96,20,92.68,MCH-305,20.9
6/2/2023,32,Male,Evening,66.65287625,25.58,Packing,15.29,30,52.98,MCH-305,12.6
12/1/2023,32,Male,Morning,69.44867259,25.34,Inspection,42.04,28,54.86,MCH-204,14.8
28/3/2023,26,Male,Evening,63.88368332,25.49,Packing,26.54,25,64.88,MCH-305,10.1
4/2/2023,58,Male,Morning,63.88722328,27.71,Inspection,31.44,37,81.07,MCH-101,20.7
15/2/2023,25,Male,Morning,56.51904311,26.46,Packing,33.9,34,76.25,MCH-204,8
3/2/2023,23,Male,Night,59.65399309,26.47,Assembly,47.08,32,91.67,MCH-101,15.4
2/1/2023,57,Male,Morning,80.87836687,23.75,Inspection,39.67,25,66.95,MCH-204,11
1/2/2023,42,Female,Evening,71.97861796,24.07,Inspection,31.4,27,63.03,MCH-101,10.8
30/1/2023,37,Male,Morning,30,30.29,Inspection,29.11,27,70.56,MCH-305,12.3
5/2/2023,49,Female,Morning,78.54190272,25.64,Assembly,37.25,21,68.26,MCH-101,11.7
6/2/2023,35,Female,Evening,78.84100243,24.45,Assembly,34.14,31,69.73,MCH-101,15.8
22/2/2023,25,Female,Night,38.89799416,28.86,Inspection,32.58,32,71.07,MCH-101,11.2
4/1/2023,49,Male,Night,69.78419731,26.56,Inspection,35.06,31,91.2,MCH-204,18.1
5/2/2023,27,Male,Evening,56.81510116,27.16,Assembly,32.3,31,71.2,MCH-305,19
16/1/2023,42,Female,Evening,77.19824275,25.72,Assembly,19.35,24,59.37,MCH-305,20
25/3/2023,57,Female,Morning,77.88577138,25.36,Assembly,34.42,26,67.09,MCH-101,10.4
11/2/2023,57,Male,Morning,77.95885579,25.66,Assembly,34.78,28,77.26,MCH-101,12.7
1/1/2023,34,Male,Night,77.53846867,23.23,Assembly,36.33,37,76,MCH-204,13.6
27/2/2023,51,Male,,77.22666661,25.82,Assembly,24.97,36,75.46,MCH-101,13.3
19/3/2023,44,Male,,67.68093177,26.59,Packing,27,33,53.01,MCH-101,17.4
10/1/2023,39,Male,Evening,38.34502469,29.7,Assembly,51.39,40,54.41,MCH-101,16
2/2/2023,25,Female,Morning,62.07036388,26.17,Assembly,27.59,33,68.69,MCH-204,12.2
3/2/2023,35,Male,Night,64.72641891,21.33,Inspection,40.09,33,74.46,MCH-101,14.2
5/3/2023,46,Male,Night,73.09427023,25.81,Inspection,27.03,37,61.69,MCH-101,14.9
16/2/2023,128,Female,Morning,30,31.48,Packing,16.09,33,84.94,MCH-101,14.5
6/1/2023,20,Female,Night,44.10413971,27.73,Assembly,33.96,38,75.41,MCH-204,12.8
13/3/2023,48,Male,Night,77.65927163,24.38,Inspection,41.13,30,64.82,MCH-204,11.7
21/3/2023,53,Male,Night,68.62655974,27.18,Inspection,31.66,27,97.8,MCH-305,17.3
14/2/2023,58,Female,Night,79.27490892,24.52,Packing,15.04,30,65.34,MCH-204,11.5
24/3/2023,36,Female,Evening,63.5647372,27,Assembly,12.67,31,66.31,MCH-305,17.1
20/2/2023,24,Female,,68.67038637,25.3,Inspection,46.54,25,65.84,MCH-305,15.7
14/1/2023,42,Female,Night,72.99215116,26.18,Assembly,34.86,26,70.42,MCH-101,12.4
26/2/2023,54,Female,Evening,64.93762168,22.26,Packing,41.07,28,59.25,MCH-305,16.5
18/2/2023,55,Male,Morning,62.68150293,27.29,Packing,37.32,25,77.37,MCH-101,12.9
13/2/2023,45,Male,Night,67.86894176,27.29,Assembly,23.5,27,78.75,MCH-204,16.7
16/2/2023,24,Female,Morning,65.85124926,25.18,Packing,32.44,34,76.67,MCH-204,12.6
19/3/2023,24,Male,Evening,53.40651068,26.79,Inspection,18.03,34,65.47,MCH-305,15.3
5/1/2023,39,Male,,76.15787171,23.57,Packing,44.46,23,65.51,MCH-101,14.9
7/1/2023,43,Male,Morning,64.08043597,27.43,Packing,38.19,32,76.13,MCH-305,13.1
20/3/2023,21,Female,Night,61.80608343,23.63,Assembly,42.41,30,72.16,MCH-305,14.1
19/1/2023,47,Male,Night,40.66045434,29.29,Inspection,47.91,35,61.98,MCH-204,13.1
12/3/2023,41,Male,Night,73.95476995,22.57,Assembly,31.44,29,49.76,MCH-305,18.5
10/2/2023,120,Male,Night,81.40066649,23.81,Assembly,27.59,24,66.05,MCH-101,12.9
13/1/2023,23,Male,Evening,53.78472551,26.83,Assembly,33.94,28,75.22,MCH-204,14.8
21/2/2023,38,Female,Evening,43.29018028,29.33,Packing,47.68,24,74.95,MCH-204,8.7
8/1/2023,48,Male,Night,70.71828534,26.63,Packing,19.34,19,54.85,MCH-305,12.9
9/1/2023,76,Female,Evening,30,48.1,Assembly,35.21,30,78.37,MCH-305,16.9
3/3/2023,37,Male,Evening,73.60810016,26.04,Packing,43.05,33,88.51,MCH-305,16.4
24/3/2023,31,Female,Morning,70.03944029,23.95,Packing,38.08,31,66.49,MCH-101,16.3
18/3/2023,58,Female,Night,71.50282705,25.02,Assembly,45.73,24,67.97,MCH-305,14.9
14/3/2023,38,Female,Night,80.06386837,23.58,Inspection,19.65,23,64.77,MCH-101,15.8
27/2/2023,126,Male,Night,60.31045478,27.29,Inspection,45.87,31,66.47,MCH-305,19.3
20/3/2023,37,Male,Morning,70.35688787,26.8,Packing,28.76,38,82.12,MCH-305,12.2
23/1/2023,20,Female,Morning,57.66631476,23.75,Inspection,14.05,36,62.16,MCH-204,18.7
16/1/2023,32,Female,Morning,63.92213466,26.64,Inspection,31.73,29,72.42,MCH-204,12.4
16/2/2023,40,Female,Evening,72.68948338,23.4,Packing,26.61,31,67.25,MCH-101,15.9
24/2/2023,56,Female,Night,73.36882876,26.59,Inspection,33.36,35,71.91,MCH-305,12.4
17/2/2023,49,Male,Night,83.67398189,25.02,Packing,19.8,29,67.14,MCH-101,17.5
21/3/2023,51,Female,Night,50.94723974,28.81,Assembly,33.77,23,78.21,MCH-204,11.1
13/2/2023,41,Female,Morning,68.80521599,26.65,Inspection,29.25,16,80.41,MCH-204,12
12/2/2023,24,Female,Night,45.04080052,28.47,Assembly,54.88,31,73.74,MCH-204,14.7
15/2/2023,35,Male,Night,62.15786226,27.29,Assembly,36.74,29,67.85,MCH-204,12.6
17/3/2023,59,Male,Morning,72.6425099,26.11,Packing,37.28,21,77.87,MCH-101,12.9
17/3/2023,21,Male,Night,60.06038063,24.04,Inspection,32.72,23,62.51,MCH-305,14.6
12/1/2023,55,Male,Morning,81.08081767,25.17,Inspection,47.48,29,74.3,MCH-101,11.2
9/1/2023,47,Male,Evening,79.1243722,25.48,Inspection,39.85,27,64.86,MCH-305,15.4
23/2/2023,31,Male,Morning,68.04023402,24.55,Inspection,50.13,37,72.15,MCH-204,16.1
23/1/2023,51,Male,Evening,65.76023818,27.2,Packing,45.54,37,60.4,MCH-101,10.3
31/1/2023,53,Male,Night,79.13049659,23.17,Assembly,31.15,26,81.84,MCH-305,15.7
29/1/2023,21,Female,Morning,55.9716146,21.32,Inspection,42.3,38,57.43,MCH-305,15.6
15/3/2023,24,Female,Evening,68.47583388,23.89,Inspection,43.14,38,68.71,MCH-204,16.3
23/1/2023,46,Female,Night,62.72663819,27.25,Packing,44.45,31,55.23,MCH-305,15.3
22/3/2023,59,Male,Morning,77.33824329,22.8,Inspection,39.01,25,81.63,MCH-305,16.1
27/3/2023,126,Male,Morning,81.15193122,23.26,Inspection,21.56,31,85.54,MCH-101,16
4/3/2023,46,Male,Evening,45.91643185,29.58,Assembly,34.71,19,58.09,MCH-204,15.7
15/1/2023,25,Male,Night,64.27151259,24.73,Inspection,36.11,27,73.24,MCH-204,16.1
18/2/2023,46,Female,Evening,71.0364385,26.64,Inspection,35.71,31,67.04,MCH-305,19.6
20/3/2023,44,Male,Night,66.49028891,27.28,Assembly,46.47,32,75.12,MCH-305,18.9
3/2/2023,23,Male,Morning,49.51908462,27.33,Inspection,28.57,28,85.76,MCH-204,14.7
9/2/2023,47,Female,Morning,68.74433419,27.29,Assembly,36.36,30,73.85,MCH-204,13.1
26/2/2023,55,Male,Morning,75.08330047,25.54,Packing,34.3,25,62.34,MCH-204,18.8
28/3/2023,54,Male,Night,74.86559961,22.76,Assembly,41.84,37,63.1,MCH-305,21.9
9/2/2023,21,Female,Morning,54.62035034,27,Assembly,53.1,37,66.46,MCH-305,14.9
20/1/2023,29,Male,Morning,66.05631302,22.81,Inspection,41.23,34,62.72,MCH-204,16.5
22/3/2023,29,Female,Night,71.80448025,23.9,Inspection,40.56,29,77.6,MCH-204,14
18/3/2023,38,Male,Evening,63.68155444,,Inspection,24.8,26,78.45,MCH-305,16.6
18/2/2023,25,Male,Morning,61.30089171,23.01,Inspection,19.56,34,82.6,MCH-305,9.1
2/2/2023,54,Female,Morning,67.15400634,,Assembly,37.56,31,65.75,MCH-305,13.4
13/1/2023,51,Male,Morning,30,30.84,Packing,33.13,25,81.54,MCH-101,17.2
17/3/2023,52,Female,Night,76.8579672,25.05,Inspection,39.6,35,86.83,MCH-204,12.4
17/1/2023,27,Female,Evening,68.90134863,23.36,Assembly,28.87,28,56.74,MCH-101,16.7
22/2/2023,20,Female,Night,47.30642269,27,Packing,49.03,26,65.13,MCH-101,16.6
3/3/2023,56,Male,Morning,77.35427015,25.51,Packing,23.04,35,68.92,MCH-305,16.7
5/1/2023,31,Female,Evening,76.69590636,25.37,Packing,33.04,26,78.22,MCH-204,13.5
5/2/2023,46,Female,Morning,81.40200378,24.7,Assembly,31.09,31,83.4,MCH-305,17.3
17/1/2023,56,Female,Evening,68.5920385,26.44,Inspection,45.98,36,52.69,MCH-305,20.5
24/2/2023,21,Male,Evening,53.47864283,26.79,Assembly,32.69,36,63.3,MCH-305,13.5
11/3/2023,79,Female,Night,30,49.89,Inspection,29.22,32,81.46,MCH-305,13
15/1/2023,20,Male,Evening,57.22689146,25.37,Packing,35.81,24,61.48,MCH-204,14.5
27/2/2023,26,Female,Morning,72.26404477,23.8,Packing,27.11,28,77.98,MCH-204,15.8
3/3/2023,22,Male,Evening,48.40709914,27.33,Assembly,34.78,42,75.74,MCH-305,11.9
27/2/2023,129,Female,Morning,72.52139835,26.03,Packing,33.7,35,77.77,MCH-101,13.6
11/1/2023,44,Male,Morning,66.12427796,27.29,Assembly,63.89,29,77.9,MCH-305,19.4
4/3/2023,59,Male,Evening,64.31980359,27.58,Inspection,30.38,24,65.73,MCH-101,18.4
3/2/2023,52,Female,Morning,81.16902523,23.16,Packing,34.11,21,67.34,MCH-101,12
1/1/2023,58,Female,Night,77.48519902,23.13,Inspection,37.18,36,66.55,MCH-305,20.6
5/1/2023,29,Male,Night,67.79963951,24.49,Packing,37.73,36,72.25,MCH-204,13.7
27/2/2023,31,Male,Morning,79.18028623,23.89,Inspection,45.43,30,48.69,MCH-305,16
11/1/2023,53,Female,Night,62.32552043,27.51,Packing,54.21,28,74.82,MCH-204,15.1
27/2/2023,29,Male,Night,60.24726891,26.7,Inspection,26.99,36,87.22,MCH-101,17.8
14/3/2023,22,Male,Night,43.46691172,28.2,Packing,39.39,23,71.97,MCH-204,11.6
3/3/2023,46,Female,Morning,73.87707663,26.79,Assembly,33.36,40,68.78,MCH-204,13.4
29/3/2023,52,Male,Evening,74.54833258,26.42,Inspection,38.3,34,70.74,MCH-204,12.2
23/2/2023,129,Female,Morning,55.98587634,28.4,Inspection,46.1,24,75.31,MCH-305,11.8
14/1/2023,57,Male,Evening,70.52352467,26.94,Assembly,51.28,34,81.43,MCH-101,12.8
3/3/2023,24,Female,Evening,56.75292701,26.14,Assembly,43.75,27,69.32,MCH-101,12.5
28/3/2023,50,Male,Morning,52.62969101,28.96,Assembly,38.15,23,68.33,MCH-204,16.9
28/2/2023,53,Female,Evening,69.91709245,27.29,Packing,45.26,34,56.26,MCH-101,13.8
8/3/2023,47,Female,Night,67.26091701,27.29,Assembly,26.59,24,70.47,MCH-204,14.2
15/3/2023,52,Male,Evening,81.71863179,24.32,Packing,27.74,23,57.98,MCH-204,9.5
2/2/2023,53,Male,Morning,64.98684395,27.41,Packing,36.68,32,64.53,MCH-204,18
7/1/2023,37,Female,Morning,50.16618855,28.47,Assembly,46.64,29,78.78,MCH-204,9.9
25/3/2023,21,Female,Night,61.39409104,25.9,Assembly,32.04,35,80.21,MCH-305,15.3
6/3/2023,74,Female,Morning,30,53.64,Packing,33.1,28,74.63,MCH-204,19
3/2/2023,42,Male,Evening,71.55709616,27.29,Inspection,15.18,28,82.14,MCH-101,19.6
31/1/2023,24,Female,Morning,54.22281641,27.2,Inspection,58.88,20,53.5,MCH-305,10.8
24/2/2023,24,Male,Morning,57.2491519,25.92,Assembly,32.7,33,86.28,MCH-101,14.5
26/2/2023,47,Male,Morning,82.14646444,24.55,Inspection,7.59,30,61.51,MCH-305,17.3
30/1/2023,40,Male,Evening,30,30.77,Packing,36.67,36,73.01,MCH-204,13.8
4/2/2023,41,Male,Morning,63.50811553,27.29,Inspection,39.73,34,63.35,MCH-305,18.2
21/3/2023,49,Female,Morning,75.20079396,25.18,Packing,32.7,32,73.1,MCH-101,8.9
7/3/2023,41,Male,Night,72.06620529,26.05,Assembly,25.9,26,70.18,MCH-305,15.5
19/1/2023,42,Male,Evening,73.46966592,21.99,Assembly,43.98,28,81.38,MCH-305,16.3
10/3/2023,23,Female,Morning,67.42910726,24.48,Inspection,42.83,33,94.65,MCH-204,11.6
29/3/2023,54,Male,Evening,58.50653399,27.97,Assembly,40.26,30,78.82,MCH-204,17.4
8/3/2023,37,Female,,79.80587554,24.74,Assembly,27.36,37,68.8,MCH-305,11.9
26/3/2023,26,Female,Evening,69.71592793,24.34,Packing,28.91,37,85.33,MCH-204,19.9
16/3/2023,52,Male,Evening,52.80948468,28.62,Packing,31.5,29,53.03,MCH-204,14
5/1/2023,42,Female,Evening,50.64750424,28.68,Packing,30.86,30,64.19,MCH-305,14.5
5/2/2023,22,Female,Night,53.0347987,27.03,Packing,41.25,26,67.69,MCH-101,11.9
8/1/2023,27,Female,Morning,67.50156147,25.09,Assembly,31.05,29,67.23,MCH-204,13.9
9/2/2023,20,Female,Morning,56.60944692,25.52,Packing,25.5,35,62.61,MCH-305,12.9
26/3/2023,30,Male,Evening,70.95009511,24.39,Packing,39.23,27,76.96,MCH-305,15.9
4/2/2023,23,Male,Night,60.37301508,24.01,Packing,58.77,28,69.98,MCH-305,15.8
14/2/2023,48,Male,Evening,77.70722535,23.91,Inspection,27.13,24,68.63,MCH-101,14.7
13/2/2023,40,Male,Morning,72.27447498,24.76,Packing,27.9,27,84.09,MCH-101,15.5
15/2/2023,59,Female,Night,79.1623179,23.93,Assembly,33.78,33,65.54,MCH-101,11.7
19/3/2023,49,Male,Evening,84.73819701,22.87,Assembly,42.56,29,80.28,MCH-204,11.9
9/1/2023,44,Female,Morning,72.65626974,26.44,Packing,40.66,24,67.26,MCH-305,18.6
7/2/2023,40,Male,,74.74699271,26.47,Inspection,33.82,31,67.48,MCH-305,12.8
23/3/2023,22,Male,,30,29.4,Inspection,30.64,30,62.39,MCH-101,15.9
28/1/2023,22,Male,Night,62.45561883,24.66,Inspection,55.99,36,55.45,MCH-204,8.1
24/2/2023,44,Female,Morning,69.05118835,26.59,Inspection,46.44,29,63.39,MCH-204,16.3
25/2/2023,20,Female,Evening,59.59368514,26.63,Packing,52.35,25,52.24,MCH-305,18.5
29/1/2023,21,Female,Evening,62.97311803,25.49,Packing,42.03,35,72.56,MCH-101,15.4
26/3/2023,28,Female,Morning,57.48744888,27.49,Assembly,34.07,25,66.85,MCH-305,15.5
19/3/2023,55,Female,Evening,64.72914001,27.55,Assembly,38.99,23,80.84,MCH-101,19.7
7/1/2023,38,Female,Morning,70.52334904,26.65,Inspection,53.07,25,62.75,MCH-101,15.9
10/3/2023,48,Male,Evening,83.09351493,25.49,Inspection,40.14,27,67.42,MCH-305,12.9
2/1/2023,36,Female,Night,70.84789357,25.28,Assembly,17.82,21,82.18,MCH-101,13.7
6/1/2023,26,Male,Night,66.76110905,23.26,Assembly,49.02,21,78.9,MCH-101,13.2
9/3/2023,34,Female,Morning,75.59551267,24.39,Inspection,49.97,34,71.36,MCH-101,17.9
9/3/2023,23,Female,Morning,63.72190829,24.76,Assembly,47.37,29,59.65,MCH-101,18.9
25/3/2023,50,Male,Morning,79.81514143,23.75,Inspection,21.57,29,75.87,MCH-204,18.2
6/2/2023,27,Male,Night,67.94957474,26.88,Packing,38.87,30,67.12,MCH-101,12.8
23/3/2023,35,Male,Night,49.81403555,28.39,Inspection,45.25,33,64.8,MCH-101,15.2
23/1/2023,59,Female,Morning,79.60946893,24.18,Packing,35.16,26,83.31,MCH-101,17.1
23/2/2023,,Male,Morning,66.58394503,26.57,Packing,38.81,33,84.66,MCH-305,11.5
23/1/2023,38,Male,Morning,78.67013776,23.93,Packing,40.6,31,61.13,MCH-204,17.7
21/3/2023,41,Female,Morning,75.79651986,25.39,Assembly,26.74,25,87.16,MCH-101,17.6
5/2/2023,51,Male,Evening,80.88347257,24.62,Assembly,39.7,33,69.1,MCH-101,16.8
25/1/2023,30,Female,Night,58.26509388,27.2,Inspection,25.14,30,77.83,MCH-305,17.5
23/2/2023,45,Female,Morning,82.87646739,24.64,Packing,33.97,25,88.31,MCH-204,14.8
10/3/2023,54,Male,Night,62.19299931,28.02,Inspection,29.23,25,68.37,MCH-204,12.5
26/2/2023,42,Male,Evening,77.01370777,25.51,Packing,43.75,32,72.62,MCH-204,18.5
9/2/2023,37,Male,Evening,75.92632158,24.7,Packing,41.69,35,77.23,MCH-101,15.1
2/3/2023,25,Male,Night,68.94601679,23.49,Inspection,40.67,31,85.8,MCH-204,13.4
3/1/2023,29,Male,Morning,70.54417662,26.51,Inspection,37.82,34,70.2,MCH-305,15.4
13/3/2023,,Female,Night,64.11684538,27.79,Inspection,39.36,36,78.09,MCH-305,15.4
25/2/2023,41,Male,Morning,70.95448922,26.55,Inspection,55.09,29,62.26,MCH-101,13.6
4/1/2023,,Female,Evening,30,30.48,Assembly,48.24,31,55.18,MCH-101,16.6
25/1/2023,36,Male,Night,47.80362265,28.86,Packing,25.38,33,63.22,MCH-101,20.7
3/1/2023,43,Female,Evening,71.82195808,25.38,Packing,29.66,24,63.19,MCH-101,11.3
13/3/2023,41,Female,Morning,75.94858883,25.36,Assembly,32.91,35,79.75,MCH-305,11.3
15/2/2023,47,Male,Evening,70.68942695,26.94,Packing,32.58,37,69.27,MCH-101,18.7
10/1/2023,30,Female,Evening,78.05723586,24.32,Assembly,26.73,26,63.89,MCH-101,17.4
23/3/2023,,Male,Morning,54.6293517,28.33,Packing,40.87,44,61.13,MCH-101,20
29/1/2023,37,Male,Night,67.19275472,26.72,Assembly,34.39,34,65.82,MCH-101,20.7
20/1/2023,57,Female,Morning,70.08244169,26.51,Assembly,37.18,29,79.17,MCH-305,17.3
3/1/2023,26,Female,Evening,54.10844019,27.37,Packing,17.91,20,61.1,MCH-204,11.6
27/1/2023,,Male,Evening,40.53353118,29.45,Packing,19.27,30,68.73,MCH-101,16.1
13/1/2023,38,Male,Morning,71.4548609,26.34,Packing,29.59,32,66.18,MCH-305,14
22/1/2023,40,Male,Night,82.20271789,25.77,Inspection,41.08,32,73.54,MCH-204,16.5
7/1/2023,47,Male,Evening,49.91827149,29.02,Packing,39.78,23,88.41,MCH-305,12.8
17/3/2023,36,Male,Morning,60.93239762,27.94,Packing,45.08,27,63.48,MCH-204,16.7
10/1/2023,56,Male,Evening,76.00734628,25.36,Packing,27.99,33,73.17,MCH-305,17.2
18/2/2023,38,Female,Evening,70.75340329,26.01,Inspection,41.86,33,69.85,MCH-101,15.9
3/1/2023,25,Male,Evening,58.34281932,26.39,Packing,50.3,35,65.34,MCH-204,16.3
15/1/2023,24,Female,Night,57.26511342,26.72,Assembly,44.27,31,70.5,MCH-305,17.3
25/2/2023,58,Female,Evening,73.33811469,23.29,Assembly,22.08,30,88.2,MCH-101,12.8
14/3/2023,25,Female,Night,68.19563246,22.92,Inspection,46.08,33,69.31,MCH-101,16
6/3/2023,41,Male,Evening,77.55745242,24.23,Inspection,38.26,30,69.31,MCH-204,14.8
18/3/2023,31,Female,Evening,78.95351633,24.07,Inspection,39.54,22,66.21,MCH-305,18.4
26/3/2023,23,Female,Morning,65.52319832,24.71,Inspection,59.96,38,74.15,MCH-101,17.4
13/3/2023,32,Male,Evening,65.35207647,27.27,Inspection,37.47,35,60,MCH-305,13.3
23/2/2023,44,Female,Morning,79.44163909,25.66,Packing,41.31,32,71.21,MCH-101,17.2
11/3/2023,37,Male,Night,71.6291283,26.39,Assembly,35.94,23,74.46,MCH-101,19.2
3/3/2023,51,Female,Night,77.28676233,23.55,Assembly,32.57,34,61.52,MCH-101,16.3
29/3/2023,44,Male,Night,78.18625668,25.08,Packing,38.65,28,85.98,MCH-204,14.1
18/2/2023,36,Female,Night,63.25270402,27.17,,30.63,34,85.61,MCH-305,11.8
10/2/2023,41,Male,Morning,68.22123028,27.19,Packing,36.46,33,92.48,MCH-204,9.1
24/2/2023,58,Male,Morning,71.87307732,24.55,Inspection,31.98,28,75.71,MCH-204,18.4
22/2/2023,36,Male,Night,66.47896635,26.32,Assembly,14.22,35,74.16,,10.9
6/2/2023,26,Male,Evening,30,30.4,Assembly,30.08,24,,MCH-204,12
15/1/2023,36,Male,Morning,72.09335953,25.96,Inspection,44.56,30,70.68,MCH-204,15.3
9/1/2023,90,Male,Morning,30,51.29,Packing,40.2,38,79.27,MCH-101,15.9
20/2/2023,28,Male,Night,66.42496713,25.65,Inspection,32.66,32,70.17,MCH-101,19.4
11/2/2023,57,Female,Evening,71.40244701,26.18,Inspection,35.99,35,68.49,MCH-101,16.1
24/1/2023,43,Female,Morning,75.52144322,25.7,Assembly,26.95,30,75.59,MCH-204,14.2
18/2/2023,44,Female,Night,73.33100437,25.94,Inspection,28.02,30,63.74,MCH-101,14.2
4/3/2023,32,Female,Morning,79.20471369,23.11,Packing,35.07,24,85.8,MCH-101,10.5
21/2/2023,56,Male,Evening,80.12409433,24.07,Inspection,32.84,29,70.08,MCH-101,19.3
19/3/2023,21,Male,Morning,60.05505647,25.7,Assembly,27.46,33,77.65,MCH-204,17.7
11/1/2023,31,Male,Evening,65.91828617,25.67,Packing,34.33,25,61.98,MCH-305,15.8
4/2/2023,36,Male,Evening,76.47002117,24.87,Packing,23.87,25,69.57,MCH-305,19.3
30/1/2023,39,Male,Night,78.90076296,25.65,Assembly,50.74,32,66.06,MCH-101,18.2
2/3/2023,42,Female,Morning,70.99990405,26.12,Assembly,43.96,34,66.48,MCH-204,16.6
10/2/2023,25,Female,Morning,51.1828817,27.78,Inspection,13.28,40,58.63,MCH-305,14.9
21/2/2023,42,Female,Morning,68.91664732,25.8,Assembly,43.39,29,80.56,MCH-101,15.1
18/2/2023,23,Male,Morning,56.10645874,26.8,Assembly,31.27,29,74.84,MCH-204,10.6
29/1/2023,42,Female,Evening,81.34052235,24.92,Assembly,29.53,34,55.81,MCH-305,18.2
8/3/2023,34,Male,Morning,61.35273346,27.14,Assembly,42.53,33,67.88,MCH-305,14.4
27/3/2023,42,Male,Evening,74.60414267,26.75,Packing,33.57,29,67.82,MCH-204,18.2
1/1/2023,43,Male,Night,62.69697114,27.73,Packing,31.13,30,73.99,MCH-305,17.2
26/1/2023,48,Female,Night,63.01407128,27.43,Packing,21.71,27,68.55,MCH-101,15.3
11/2/2023,41,Male,Evening,66.7034749,27.18,Assembly,44.16,24,80.87,MCH-101,17.5
4/3/2023,45,Male,Night,81.76963625,25.8,Inspection,45.37,29,79.64,MCH-204,
5/2/2023,43,Male,Night,72.4986158,26.49,Inspection,36.61,38,92.07,MCH-204,10.6
16/1/2023,41,Male,Evening,57.22154343,28.13,Inspection,23.34,26,47.73,MCH-101,14.5
25/3/2023,44,Male,Night,80.6863303,24.7,Inspection,38.03,23,83.67,MCH-204,16.3
25/2/2023,32,Male,Morning,73.5849151,24.74,Packing,41.41,25,77.95,MCH-305,17.6
14/1/2023,29,Male,Night,63.57812057,26.36,Inspection,34.73,33,68.25,MCH-305,15.3
4/1/2023,,Male,Morning,62.58107249,26.83,Packing,43.82,32,67.43,MCH-305,12.3
26/2/2023,33,Male,Night,77.04091242,24.35,Inspection,36.7,36,,MCH-305,18.9
16/1/2023,,Male,Night,82.86658948,25.85,Inspection,38.04,35,72.48,MCH-204,13.9
25/1/2023,27,Female,Evening,68.08717054,25.81,Packing,49.8,31,64.59,MCH-305,16.2
24/2/2023,37,Male,Morning,69.25985713,21.57,Packing,30.08,33,53.96,MCH-204,16.5
28/2/2023,41,Male,Morning,74.31412325,25.56,Inspection,19.32,26,64.8,MCH-101,15.2
8/1/2023,45,Male,Evening,72.86205692,25.69,Assembly,33.31,,67.34,MCH-305,9.2
20/2/2023,41,Male,Night,74.56429859,25.68,Inspection,29.36,29,75.7,MCH-204,13
9/1/2023,70,Male,Night,30,46.02,Inspection,20.78,34,58.12,MCH-101,16.4
10/1/2023,58,Male,Evening,79.96644473,23.57,Inspection,41.22,32,76.43,MCH-305,19.7
18/2/2023,40,Male,Night,80.68288055,24.35,Packing,35.01,28,57.95,MCH-305,17
14/3/2023,52,Male,Evening,71.52282683,20.78,Inspection,16.79,24,73.97,MCH-305,16.5
8/1/2023,49,Male,Evening,77.21759256,25.04,Assembly,,27,75.52,MCH-204,9
10/3/2023,42,Male,Night,80.44824771,25.21,Inspection,27.72,31,68.7,MCH-204,18.2
28/2/2023,55,Male,Night,76.68710384,24.98,Assembly,28.84,26,70.46,MCH-101,17.8
14/1/2023,,Female,Evening,59.19847293,28.22,Assembly,44.42,29,76.97,MCH-305,16.7
6/1/2023,56,Male,Evening,62.09846131,27.72,Assembly,39.28,35,64.18,MCH-101,15.8
10/2/2023,99,Female,Night,30,54.95,Inspection,45.92,36,73.09,MCH-204,16.5
20/3/2023,40,Male,Night,79.87216466,25.26,Packing,13.2,32,66.49,MCH-305,18.7
13/2/2023,49,Male,Morning,58.06140593,28.05,Packing,32.14,37,85.5,MCH-101,14.8
8/1/2023,40,Male,Morning,73.83772371,25.96,Inspection,36.34,24,75.43,MCH-305,16.1
11/3/2023,30,Female,Morning,75.35663194,24.36,Inspection,48.02,36,59.56,MCH-204,14.1
20/2/2023,51,Female,Morning,70.38157566,27.2,Assembly,26.55,23,88.18,MCH-101,15
11/2/2023,29,Male,Evening,71.86810423,25.12,Inspection,31.59,30,80.02,MCH-305,15.3
24/1/2023,32,Female,Evening,51.61176754,27.51,Packing,36.41,26,57.94,MCH-305,16.8
24/3/2023,40,Male,Night,30,30.55,Inspection,42.61,34,54.74,MCH-305,13.5
27/3/2023,53,Male,Morning,73.50025045,26.12,Inspection,23.91,22,57.72,MCH-101,14.6
27/1/2023,35,Female,Night,75.38100676,24.47,Inspection,43.12,21,60.18,MCH-204,16
11/3/2023,39,Female,Evening,79.48292677,23.63,Assembly,29.1,27,71.51,MCH-204,14.6
3/1/2023,21,Male,Morning,50.50309143,27.1,Inspection,38.75,26,70.82,MCH-101,15.5
17/3/2023,24,Female,Evening,62.3005606,22.47,Inspection,33.07,27,77.35,MCH-305,11.4
23/1/2023,22,Female,Morning,55.96347277,27.1,Inspection,37.75,27,66.89,MCH-101,16.7
2/3/2023,22,Female,Morning,46.53402547,27.64,Packing,37.12,33,67.39,MCH-101,13.2
17/2/2023,,Male,Night,69.6658053,26.87,Assembly,47.77,30,71.13,MCH-204,10.9
18/1/2023,53,Female,Night,76.13023442,25.56,Assembly,32.64,38,81.26,MCH-101,15.9
11/3/2023,52,Male,Evening,65.49009132,27.13,Packing,31.98,31,51.07,MCH-305,16
4/1/2023,22,Female,Evening,60.16991313,26.34,Assembly,45.68,34,67.44,MCH-204,16.3
22/3/2023,23,Female,Morning,67.71220277,24.44,Packing,49,33,83.19,MCH-204,16.4
14/2/2023,31,Female,Morning,30.84649452,29.7,Assembly,31.04,26,70.68,MCH-305,16.3
28/2/2023,,Female,Morning,76.56440971,25.3,Assembly,41.92,27,67.05,MCH-101,19.4
16/1/2023,33,Female,Morning,59.87484301,27.55,Assembly,26.46,35,61.85,MCH-204,17.5
17/2/2023,,Male,Morning,67.60850256,21.16,Inspection,41.98,21,79.03,MCH-101,17.8
5/2/2023,95,Male,Evening,30,46.36,Assembly,44.2,32,65.19,MCH-305,16.7
23/3/2023,49,Female,Morning,45.89972772,28.94,Inspection,32.25,29,65.11,MCH-204,17.6
24/3/2023,32,Male,,67.11648651,26.06,Inspection,46.11,26,83.64,MCH-305,13.7
18/2/2023,22,Male,Evening,50.14178495,27.12,Inspection,32.37,29,59.53,MCH-204,16.9
3/2/2023,49,Male,Night,70.6310884,27.29,Packing,35.24,38,86.31,MCH-305,18.5
25/3/2023,56,Female,Evening,81.80006846,24.71,Assembly,38.91,21,71.69,MCH-101,14.4
18/1/2023,20,Male,Night,43.12375444,27.09,Assembly,25.4,24,70.25,MCH-305,19.1
9/3/2023,37,Male,Night,79.40388452,24.38,Assembly,21.41,20,72.85,MCH-305,14
20/2/2023,,Male,Morning,73.57304076,24.78,Inspection,37.8,28,70.21,MCH-305,16.4
9/2/2023,48,Male,Evening,68.03852504,27.29,Assembly,27.58,27,64.72,MCH-305,12
17/2/2023,54,Male,Night,63.31491292,27.95,Inspection,22.79,31,73.44,MCH-305,17.4
20/3/2023,36,Male,Night,75.88056445,24.59,Inspection,42.69,28,65.1,MCH-101,18.7
1/1/2023,34,Female,Night,72.68293765,24.53,Inspection,50.17,32,74.28,MCH-101,14.9
19/2/2023,48,Female,Evening,77.17978071,24.71,Inspection,43.57,26,93.13,MCH-204,11
13/1/2023,26,Female,Morning,53.97504367,27.47,Assembly,23.15,40,76.6,MCH-305,15.1
24/3/2023,89,Female,Evening,30,49.36,Inspection,36.78,33,68.11,MCH-101,12.3
19/1/2023,44,Female,Night,68.51573625,26.71,Packing,31.91,33,72.56,MCH-305,15.3
4/3/2023,46,Female,Night,65.99551014,27.49,Packing,26.47,33,66.8,MCH-305,17.5
17/2/2023,24,Male,Evening,59.18137597,25.82,Packing,35.85,25,68.16,MCH-204,16.4
27/3/2023,40,Female,Morning,59.19128239,28.02,Inspection,34.32,29,68.88,MCH-305,10.3
14/2/2023,34,Male,Evening,64.59190447,27.29,Assembly,32.67,29,74.75,MCH-101,14
4/3/2023,40,Male,Night,57.53085457,27.29,Assembly,44.88,28,79.07,MCH-204,15.6
9/2/2023,58,Female,Evening,78.65612376,24.05,Inspection,48,28,91.09,MCH-204,19.2
14/2/2023,23,Male,Evening,46.38512785,28.03,Inspection,31.77,34,76.48,MCH-204,14.6
18/2/2023,59,Female,Evening,81.54763944,24.47,Inspection,33.21,30,59.03,MCH-305,16.5
8/2/2023,41,Female,Morning,67.59671625,26.7,Packing,32.52,31,57.19,MCH-204,15.5
15/1/2023,50,Female,Morning,76.82680522,25.86,Inspection,40.15,22,69.33,MCH-101,13.2
29/1/2023,36,Female,Night,72.31153495,23.89,Inspection,38.31,21,80,MCH-101,13.6
18/1/2023,32,Female,Morning,72.89232025,24.78,Assembly,27.9,25,67.92,MCH-204,14.4
17/1/2023,50,Male,Night,48.94821443,28.77,Assembly,33.71,38,68.08,MCH-204,18.8
2/1/2023,88,Female,Morning,30,54.1,Packing,20.03,40,79,MCH-204,12.7
6/2/2023,25,Male,Evening,64.33019229,23.98,Packing,19.29,35,69.73,MCH-305,14.5
20/3/2023,48,Male,Evening,74.1382122,26.61,Packing,23.19,28,80.34,MCH-204,13.2
29/1/2023,50,Male,Night,68.36973888,25.71,Packing,32.49,32,54.95,MCH-204,18.9
22/1/2023,35,Male,,30,32.91,Inspection,41.11,36,74.77,MCH-305,16.2
13/2/2023,57,Female,Evening,68.29324158,26.57,Inspection,27.18,39,52.24,MCH-204,19.1
13/2/2023,41,Male,,77.1657547,25.24,Packing,33.74,24,72.67,MCH-204,7
25/2/2023,33,Female,Night,46.02232529,28.84,Packing,37.19,31,79.01,MCH-101,17.8
30/1/2023,42,Female,Evening,72.94725959,22.32,Assembly,50.36,28,53.72,MCH-101,12.3
23/3/2023,46,Male,Morning,76.04728768,26.19,Assembly,35.56,33,47.05,MCH-101,13.2
14/3/2023,28,Female,Evening,34.22807022,29.99,Assembly,36,30,78.51,MCH-305,14.4
19/3/2023,50,Male,Morning,78.63466114,25.77,Packing,28.95,25,74.49,MCH-101,14.9
28/1/2023,41,Male,Evening,75.59200764,22.53,Assembly,53.37,32,59.01,MCH-101,14.9
10/1/2023,38,Male,Evening,73.36518924,25.21,Packing,42.65,27,72.44,MCH-204,12.9
4/2/2023,26,Female,Morning,36.85777155,28.91,Inspection,23.89,30,64.59,MCH-305,14.7
17/1/2023,48,Female,Morning,75.67236784,26.75,Packing,49.98,30,68.21,MCH-204,14.7
15/2/2023,26,Male,Night,69.5664134,24.32,Inspection,42.17,38,67.32,MCH-204,10
22/3/2023,36,Male,Evening,72.17745707,24.63,Inspection,37.34,32,56.69,MCH-305,16
1/1/2023,53,Male,Morning,65.38616989,,Packing,41.6,30,79.01,MCH-305,15
21/2/2023,56,Male,Night,69.81230453,26.72,Assembly,46.36,34,59.41,MCH-204,15.6
19/3/2023,59,Male,Night,49.79407492,28.68,Packing,27.47,26,70.93,MCH-204,13.5
27/3/2023,58,Female,Night,60.04089322,28.1,Assembly,31.1,31,76.52,MCH-204,15.1
14/1/2023,42,Male,Night,68.09639333,26.91,Inspection,34.62,33,61.7,MCH-305,8.5
29/1/2023,28,Female,Night,67.69364223,23.34,Inspection,22.6,33,67.25,MCH-204,13.4
13/3/2023,53,Female,Evening,73.46039424,23.34,Inspection,42.29,27,64.91,MCH-204,13.7
1/3/2023,42,Female,Morning,69.2181497,27.07,Inspection,32.25,32,87.24,MCH-101,14.8
24/1/2023,59,Male,Night,76.45647643,23.31,Packing,31.14,33,79.15,MCH-101,14.9
7/1/2023,46,Male,Morning,76.44832537,25.55,Inspection,28.57,25,77.6,MCH-101,17.9
9/3/2023,42,Female,Morning,68.3416928,26.61,Assembly,34.66,27,92.1,MCH-101,11.7
19/3/2023,40,Male,Night,64.68679781,,Assembly,36.56,28,73.52,MCH-101,17.2
1/2/2023,42,Female,Night,69.96609332,23.95,Inspection,44.96,42,66.64,MCH-204,21
26/1/2023,53,Female,Morning,73.8149252,25.81,Packing,45.24,26,55.6,MCH-204,13.5
30/1/2023,35,Male,Night,67.39781621,27.01,Inspection,23.66,32,63,MCH-305,17.2
9/1/2023,73,Female,Night,30,52.9,Inspection,39.61,28,71.59,MCH-305,19.3
18/3/2023,23,Male,Night,49.7748191,27.21,Assembly,47.3,25,79.31,MCH-305,19.2
16/2/2023,53,Male,Morning,73.4784903,26.15,Packing,32.77,33,63.46,MCH-204,14.1
24/3/2023,50,Female,Evening,82.40356537,24.51,Packing,33.3,23,85.84,MCH-101,18.2
6/1/2023,21,Female,Morning,60.03335378,23.86,Assembly,31.03,37,54.6,MCH-204,17.6
15/1/2023,37,Male,Night,75.9566546,24.98,Assembly,40.38,25,66.25,MCH-204,18.6
21/2/2023,,Female,Morning,67.16726231,26.82,Assembly,37.87,27,74.04,MCH-305,17.1
12/3/2023,38,Female,Night,66.07202344,26.67,Packing,44.8,33,71.31,MCH-305,18.5
10/2/2023,56,Female,Morning,69.93423185,27.29,Assembly,33.89,34,74.77,MCH-305,14.3
21/2/2023,26,Male,Evening,70.53078972,24.43,Assembly,47.6,31,71.29,MCH-305,13.6
26/3/2023,32,Male,Morning,52.66475694,28.41,Assembly,40.98,27,76.48,MCH-204,8.5
1/2/2023,27,Female,Night,65.11866593,26.16,Inspection,46.76,22,67.56,MCH-305,13.7
14/2/2023,29,Female,Evening,72.10245016,23.17,Packing,29.04,30,66.99,MCH-101,14.1
3/3/2023,56,Male,Night,30,30.71,Packing,50.68,26,61.75,MCH-204,9.6
11/1/2023,57,Male,Morning,79.70928387,25.94,Inspection,29.45,42,91.74,MCH-101,15.1
21/1/2023,21,Male,Evening,51.53305868,26.77,Packing,29.91,31,69.22,MCH-204,18.2
26/3/2023,45,Female,Night,65.54091898,26.8,Assembly,31.06,24,74.36,MCH-204,12.3
13/3/2023,29,Male,Night,71.08613902,25.26,Inspection,30,28,67.89,MCH-305,20.6
14/3/2023,27,Male,Morning,70.8855418,24.54,Assembly,53.94,34,85.92,MCH-101,16.1
26/3/2023,81,Female,Evening,30,50.41,Assembly,40.22,36,69.89,MCH-204,17.5
2/2/2023,27,Female,Morning,61.77768238,,Assembly,39.96,28,73.27,MCH-101,14.9
11/3/2023,39,Male,Evening,61.2361601,,Assembly,16.08,29,61.28,MCH-204,12.3
25/1/2023,59,Male,Evening,67.72428221,27.15,Packing,47.85,33,87.6,MCH-204,16.6
14/2/2023,43,Male,Morning,81.37908918,23.99,Inspection,24.62,25,72.17,MCH-204,17.3
25/1/2023,48,Female,Night,56.24204023,28.56,Inspection,34.64,32,87.97,MCH-101,14.5
29/1/2023,39,Male,Morning,59.32174017,27.29,Assembly,27.96,31,63.99,MCH-204,15.8
16/1/2023,20,Female,Morning,53.99674293,26.57,Inspection,37.4,33,65.58,MCH-101,15
7/1/2023,23,Male,Night,63.68402039,22.72,Inspection,50.34,30,64.73,MCH-101,13
20/2/2023,30,Female,Night,63.2745364,21.92,Assembly,25.39,22,67.16,MCH-305,16
9/3/2023,29,Female,Evening,62.28109269,26.64,Assembly,27.81,31,76.71,MCH-101,12.9
27/2/2023,,Female,Night,71.81757074,24.38,Packing,36.4,26,49.52,MCH-204,17.3
3/1/2023,53,Female,Evening,76.00046347,22.02,Packing,50.7,39,69.52,MCH-204,22
29/1/2023,,Female,Evening,64.39198796,27.08,Assembly,30.75,39,62.19,MCH-204,18.3
13/3/2023,45,Male,Morning,35.45187937,30.24,Packing,27.84,24,61.12,MCH-204,14.4
3/3/2023,42,Female,Morning,65.05248725,27.29,Packing,36.64,26,74.68,MCH-101,16
26/2/2023,45,Male,Evening,78.61009852,25.49,Inspection,35.07,18,73,MCH-305,18.4
10/1/2023,36,Male,Evening,76.60839496,26.02,Assembly,24.75,34,78.63,MCH-101,14.7
26/1/2023,46,Male,Morning,66.97819279,,Inspection,30.95,27,73.87,MCH-204,16.7
7/1/2023,,Male,Evening,58.16873851,28.24,Inspection,15.32,31,71.8,MCH-101,17.2
8/1/2023,86,Male,Night,30,51.85,Assembly,34.7,27,64.41,MCH-305,15.8
23/2/2023,44,Female,Evening,63.68511437,27.29,Inspection,22.54,22,60.73,MCH-305,15.6
12/1/2023,22,Female,Morning,57.96834595,26.6,Packing,59.69,31,75.99,MCH-305,18.2
3/3/2023,,Male,Night,62.29840029,27.29,Packing,40.55,36,67.44,MCH-305,20.2
22/1/2023,71,Male,Evening,30,48.6,Packing,37.54,30,73.99,MCH-305,14.7
6/3/2023,49,Female,Evening,76.4465906,25.76,Packing,40.27,25,69.95,MCH-101,18.7
29/1/2023,41,Male,Evening,50.02797466,28.76,Packing,30.09,29,49.56,MCH-305,10.5
11/3/2023,55,Male,Morning,59.24548134,28.42,Inspection,33.58,33,74.84,MCH-305,16.5
11/3/2023,33,Male,Evening,62.40290228,26.95,Assembly,40.05,29,63.74,MCH-204,8.5
17/2/2023,41,Female,Morning,42.89329965,29.44,Inspection,25.24,25,78.64,MCH-305,12.7
23/2/2023,53,Female,Evening,76.04263615,25.23,Inspection,41.83,40,51.41,MCH-101,11.9
7/2/2023,41,Female,Morning,48.47090062,29.25,Packing,56.07,22,88.99,MCH-204,19.9
6/3/2023,39,Female,Evening,62.98812996,27.09,Packing,20.2,41,64.04,MCH-101,14.2
13/1/2023,77,Female,Evening,30,51.3,Inspection,40.33,30,74.71,MCH-204,14.9
24/1/2023,50,Male,Evening,75.19233574,23.62,Inspection,26.82,34,62.87,MCH-305,14.3
8/1/2023,47,Male,Morning,82.77781086,24.62,Assembly,41.91,31,64.23,MCH-101,10.7
1/2/2023,54,Male,Evening,65.53683345,26.84,Assembly,38.39,26,76.85,MCH-204,15.9
12/2/2023,34,Male,Morning,65.72647586,26.79,Assembly,53.8,37,67.98,MCH-101,15.2
16/2/2023,40,Female,Evening,38.55583683,29.9,Assembly,52.02,33,68.67,MCH-204,12.6
25/3/2023,71,Male,Morning,30,49.9,Assembly,20.52,30,78.49,MCH-305,19.1
26/2/2023,56,Male,Evening,70.268029,27.81,Packing,42.64,34,71.89,MCH-101,19
12/3/2023,32,Male,Night,50.94373287,28.32,Assembly,42.47,29,74.48,MCH-101,11.2
23/3/2023,43,Male,Night,69.15894455,27.41,Inspection,46.89,19,63.75,MCH-101,12.9
17/3/2023,24,Male,Night,68.07849608,24.08,Packing,39.72,21,76.67,MCH-305,16.4
8/3/2023,54,Male,Night,49.79559383,28.82,Inspection,40.97,30,71.12,MCH-305,13.6
1/2/2023,35,Female,Morning,54.0545111,28.46,Packing,24.67,28,74.3,MCH-204,14.3
26/3/2023,42,Male,Evening,65.4601119,27.2,Packing,39.22,30,73.64,MCH-101,11.9
18/1/2023,43,Male,Evening,66.55202405,26.41,Assembly,32.83,28,81.3,MCH-204,12
23/2/2023,39,Male,Night,66.09780764,,Inspection,41.84,24,75.05,MCH-204,13.4
5/2/2023,53,Female,Evening,66.09145672,,Assembly,34.05,23,58.4,MCH-305,15.4
6/3/2023,42,Female,Night,70.35024411,27.28,Inspection,39.47,26,64.06,MCH-101,15.6
20/1/2023,40,Female,Morning,72.58252277,26.06,Inspection,41.16,34,72.26,MCH-305,12.5
29/1/2023,24,Female,Morning,64.69649361,24.3,Assembly,41.35,26,73.98,MCH-101,11.6
21/2/2023,20,Female,Morning,54.77248666,27.2,Assembly,27.56,35,56.75,MCH-204,11.3
29/3/2023,35,Female,Evening,78.52518802,24.5,Packing,59.19,25,60.08,MCH-305,18
5/1/2023,59,Male,Evening,69.11488299,26.44,Packing,37.54,36,80.94,MCH-305,21.4
30/1/2023,56,Male,Morning,76.87613784,25.95,Packing,41.32,27,89.66,MCH-101,16.3
14/2/2023,45,Male,Night,75.02786112,26.43,Inspection,35.59,28,53.46,MCH-204,7.3
28/3/2023,45,Male,Night,69.9541641,27,Assembly,23.92,29,72.58,MCH-305,16.7
1/1/2023,35,Female,Evening,63.89731861,27.29,Packing,42.83,33,70.48,MCH-204,18.6
11/3/2023,27,Male,Morning,39.90378589,28.93,Assembly,37.68,31,80.11,MCH-305,13.1
15/1/2023,20,Male,Night,59.80638941,25.46,Packing,43.89,31,74.96,MCH-305,17.6
17/1/2023,33,Female,Night,79.23930785,25.13,Packing,28.35,30,78.29,MCH-305,18.2
25/1/2023,32,Male,Morning,64.21852572,26.96,Assembly,31.68,27,47.19,MCH-204,18.9
20/2/2023,27,Male,Morning,65.96939462,22.33,Packing,37.68,35,69.93,MCH-204,13.2
28/2/2023,30,Female,Evening,68.30699198,24.42,Assembly,35.48,30,60.94,MCH-204,15.2
21/2/2023,20,Female,Evening,50.39993734,27.96,Packing,32.14,33,61.19,MCH-204,15.5
5/2/2023,44,Male,Morning,83.44244503,22.53,Assembly,37.69,31,57.74,MCH-204,19
12/1/2023,98,Female,Night,30,47.6,Packing,49.3,28,72.28,MCH-204,13.8
11/1/2023,47,Female,Evening,49.08842528,29.02,Packing,39.58,42,73.33,MCH-204,17.8
12/2/2023,37,Male,Evening,78.20434811,25.26,Inspection,46.73,36,76.31,MCH-101,15.8
11/2/2023,36,Male,Morning,70.20761975,26.58,Assembly,33.32,27,65.97,MCH-204,17.9
26/2/2023,32,Male,Night,60.79883488,27.29,Packing,35.55,40,83.84,MCH-204,17.3
1/3/2023,25,Male,Morning,65.17173401,25.07,Inspection,37.43,35,60.68,MCH-101,13
3/3/2023,43,Male,Night,65.02312198,27.74,Assembly,30.56,25,55.67,MCH-101,15.8
19/2/2023,42,Male,Evening,72.67650093,24.66,Packing,37.52,34,72.19,MCH-204,12.9
21/2/2023,20,Male,Night,55.24437154,25.04,Packing,50.68,32,63.15,MCH-204,14.9
28/3/2023,36,Male,Morning,77.72293455,24.4,Packing,52.44,31,75.32,MCH-204,20.2
28/2/2023,31,Male,Morning,71.60190953,26.69,Assembly,48.75,35,63.42,MCH-101,13.7
21/3/2023,26,Male,Night,47.00736019,28.32,Inspection,38.06,32,64.21,MCH-305,13.2
11/3/2023,48,Male,Night,73.87725843,25.63,Packing,27.81,20,63.4,MCH-305,14.4
17/1/2023,89,Male,Evening,30,47.74,Inspection,59.47,23,62.68,MCH-305,17
15/2/2023,45,Female,Morning,75.37799536,23.83,Assembly,29.86,26,69.98,MCH-305,17
21/1/2023,48,Male,Night,69.686486,26.79,Assembly,50.24,40,72.39,MCH-305,16.1
24/2/2023,59,Male,Evening,36.73161415,29.69,Packing,38.66,33,62.66,MCH-204,12.6
12/3/2023,52,Female,Night,66.12099384,26.79,Packing,24.67,33,58.29,MCH-305,14.3
25/3/2023,44,Female,Night,75.59789512,25.23,Packing,20.18,31,74.99,MCH-204,19.2
7/1/2023,55,Female,Night,64.47920032,27.53,Inspection,48.9,25,73.88,MCH-101,10.4
31/1/2023,95,Male,Night,30,53.05,Inspection,29.26,23,77.15,MCH-101,15.8
7/2/2023,59,Female,Night,67.09013301,27,Packing,22.4,35,59.57,MCH-305,14.3
9/1/2023,42,Male,Evening,82.9199006,24.08,Assembly,32.31,38,61.73,MCH-101,16.4
26/1/2023,46,Male,Morning,53.47878762,28.82,Assembly,34.95,33,78.23,MCH-204,15.4
1/3/2023,56,Male,Evening,64.67403073,20.92,Packing,38.71,28,78.96,MCH-305,10.5
19/3/2023,40,Male,Morning,60.21095268,27.6,Inspection,38.19,28,65.91,MCH-305,16.8
13/2/2023,48,Male,Night,77.64357518,25.07,Assembly,27.68,33,60.47,MCH-204,12.1
22/3/2023,31,Male,Evening,70.64135883,25.18,Inspection,35.02,29,62.98,MCH-204,11.5
21/2/2023,58,Female,Morning,45.06221227,29.38,Packing,52.18,29,60.35,MCH-204,15.2
6/1/2023,44,Female,Morning,62.78896502,27,Inspection,24.47,27,77.98,MCH-305,13.8
6/2/2023,51,Male,Evening,83.18978277,24.64,Inspection,39.71,27,77.13,MCH-101,12.6
9/3/2023,38,Female,Evening,69.99554298,25.74,Inspection,24.46,29,70.81,MCH-101,13.8
5/3/2023,54,Male,Night,70.82812223,27.29,Assembly,30.88,22,63.22,MCH-101,12.8
23/2/2023,22,Male,Morning,65.90332756,25.12,Inspection,46.32,33,61.19,MCH-101,19.6
12/2/2023,24,Female,Morning,64.86412216,22.85,Inspection,14.67,21,63.84,MCH-305,15.9
18/3/2023,40,Female,Evening,73.54867132,24.27,Inspection,55.98,35,61.11,MCH-204,14.5
28/3/2023,49,Male,Morning,56.14597775,28.56,Packing,22.07,27,72.27,MCH-101,17.3
4/2/2023,52,Male,Evening,76.8004671,26.15,Inspection,14.91,29,77.62,MCH-305,14.4
29/1/2023,37,Male,Evening,66.37384622,26.9,Inspection,35.19,33,77.94,MCH-305,14.2
20/3/2023,45,Male,Night,79.86276115,25.48,Assembly,30.71,29,61.16,MCH-101,17.8
7/1/2023,42,Male,Night,60.81348893,27.29,Packing,28.81,26,64.02,MCH-204,12.9
18/3/2023,58,Female,Morning,40.82119513,29.36,Inspection,41.42,31,64.47,MCH-204,11.9
18/1/2023,97,Female,Morning,30,52.2,Assembly,25.74,41,80.19,MCH-305,17
14/3/2023,36,Male,,71.47343437,25.11,Assembly,40.7,34,56.66,MCH-204,15.5
5/1/2023,58,Female,Morning,57.47283678,28.19,Inspection,43.27,26,69.97,MCH-305,15.5
5/2/2023,24,Male,Night,71.21952953,24.56,Assembly,21.28,28,61.25,MCH-204,13.9
16/1/2023,59,Male,Morning,78.88932951,24.81,Assembly,45.26,28,68.08,MCH-101,16.8
16/2/2023,26,Male,Morning,59.43443092,26.02,Assembly,42.73,25,76.94,MCH-204,10.9
8/1/2023,31,Female,Night,66.66272066,26,Assembly,50.52,33,66.77,MCH-101,9.2
25/3/2023,52,Female,Morning,73.99261534,26.52,Inspection,35.05,28,62.47,MCH-101,13.8
8/3/2023,49,Female,Morning,30.88999713,30.18,Inspection,26.65,32,77.48,MCH-305,16.9
4/3/2023,58,Male,Morning,69.45353574,26.67,Assembly,47.54,17,71.3,MCH-101,18.7
22/2/2023,49,Female,Evening,69.39450669,21.24,Inspection,35.49,33,74.82,MCH-305,16.6
15/3/2023,45,Male,Evening,74.77882238,26.65,Inspection,53.23,27,72.65,MCH-101,12.2
29/1/2023,33,Male,Night,66.49088832,26.08,Assembly,42.09,25,57.85,MCH-101,12.3
7/1/2023,20,Female,Evening,56.62032234,26.09,Assembly,34.74,23,83.05,MCH-101,18.6
19/1/2023,42,Male,Morning,69.48769446,26.49,Assembly,26.19,25,68.01,MCH-204,17.7
12/2/2023,42,Female,Evening,76.20415292,25.94,Inspection,33.96,28,78.42,MCH-204,16.6
13/2/2023,21,Female,Evening,58.32810224,25.89,Inspection,44.37,34,66.5,MCH-101,17.8
8/2/2023,40,Female,Evening,66.74132796,27.23,Packing,19.92,28,75.66,MCH-305,15.5
19/2/2023,51,Male,Evening,80.51046034,24.92,Packing,30.95,35,80.11,MCH-101,14.4
10/2/2023,58,Male,Night,74.31995072,24.1,Assembly,18.86,31,78.82,MCH-305,14.5
25/2/2023,39,Female,Night,30,32.05,Packing,24.59,39,71.05,MCH-101,16.9
31/1/2023,55,Female,Morning,75.45191653,24.57,Inspection,28.89,27,66.6,MCH-101,15.7
26/2/2023,59,Female,Evening,72.69827275,26.2,Packing,32.29,32,55.92,MCH-305,9.1
31/1/2023,54,Female,Night,78.16817901,23.01,Packing,38.53,36,57.62,MCH-305,17.6
27/2/2023,38,Male,Evening,64.9874464,26.23,Assembly,42.02,33,81.16,MCH-204,16.8
19/1/2023,33,Male,Evening,71.16099193,24.13,Inspection,48.83,29,61.76,MCH-305,16
8/1/2023,59,Female,Morning,74.68591032,25.12,Inspection,51.03,28,78.04,MCH-101,19.2
8/3/2023,29,Male,Morning,52.04532996,28.09,Inspection,46.85,20,79.14,MCH-305,12.6
3/1/2023,82,Female,Morning,30,49.29,Inspection,31.21,29,74.55,MCH-204,11.8
5/1/2023,85,Male,Morning,30,50.07,Packing,37.34,25,73.91,MCH-101,16.5
7/1/2023,51,Male,Night,80.94966299,22.46,Assembly,29.38,27,58.34,MCH-101,12.7
12/3/2023,45,Female,Morning,44.8261434,29.67,Packing,37.51,30,56.51,MCH-101,20
15/3/2023,23,Male,,69.3264147,23.62,Inspection,33.39,22,63.41,MCH-305,12.9
12/3/2023,28,Male,,43.74162603,29.06,Assembly,23.58,25,86.53,MCH-101,12.8
23/3/2023,,Female,Evening,61.06902101,28.04,Assembly,49.52,32,83.75,MCH-101,13.8
28/2/2023,41,Male,Evening,63.93778736,27.15,Inspection,52.08,24,70.37,MCH-305,14.1
10/2/2023,52,Female,Night,78.62590015,24.29,Inspection,27.42,30,82.94,MCH-101,13.9
2/1/2023,,Male,Night,75.37746752,26.3,Assembly,40.21,23,60.65,MCH-305,14.2
31/1/2023,56,Female,Morning,73.21151699,25.06,Inspection,27.85,33,66.31,MCH-305,13.9
27/1/2023,37,Male,Morning,72.18410185,26.06,Inspection,34.21,33,85.87,MCH-204,10.3
6/3/2023,52,Female,Morning,69.54449453,27.29,Inspection,29.68,36,91.02,MCH-101,16.5
12/1/2023,29,Male,Morning,58.36134096,27.29,Inspection,28.73,36,77.72,MCH-305,13.7
21/3/2023,21,Male,Evening,40.50059519,28.24,Assembly,36.9,31,54.11,MCH-204,14.5
6/1/2023,22,Female,Morning,58.93339228,25.84,Assembly,16.85,21,83.5,MCH-305,11.4
29/3/2023,34,Male,Evening,77.37731314,25.03,Packing,29.77,30,67.32,MCH-101,10.4
16/3/2023,58,Male,Evening,77.8979188,24.88,Packing,75.16,32,77.23,MCH-204,14.7
10/2/2023,79,Male,Morning,30,51.8,Assembly,19.59,31,70.99,MCH-305,19.7
21/3/2023,34,Female,Evening,73.2323912,24.21,Packing,31.2,38,80.07,MCH-204,19.6
15/3/2023,24,Male,Evening,60.2571411,21.49,Inspection,37.88,36,70.47,MCH-101,12.3
20/2/2023,57,Male,Night,74.08403387,26.81,Inspection,33.2,30,97.29,MCH-305,12.8
12/2/2023,47,Female,Morning,70.46020108,27.04,Assembly,27.36,34,79.65,MCH-101,15.5
4/2/2023,50,Female,Morning,76.68695246,25.6,Packing,44.68,23,57.42,MCH-305,7
10/1/2023,48,Female,Evening,78.80457479,23.7,Inspection,36.49,31,53.22,MCH-204,13.2
5/1/2023,46,Female,Morning,74.66118386,26.18,Packing,28.77,24,53.34,MCH-101,15.7
18/3/2023,50,Female,Night,81.75724424,23.07,Assembly,43.57,29,75.95,MCH-204,14.3
5/1/2023,20,Female,Morning,61.96417444,23.95,Assembly,29.73,27,79.62,MCH-305,9.3
18/1/2023,54,Male,Evening,79.32493247,24.5,Packing,26.25,27,43.88,MCH-305,9.5
23/2/2023,49,Female,Night,66.52282991,27.69,Assembly,40.88,26,82.21,MCH-101,10.7
27/2/2023,49,Female,Morning,76.44513423,25.27,Inspection,21.93,28,73.5,MCH-101,14.8
22/1/2023,35,Male,Morning,71.42645592,25.1,Inspection,52.58,27,86.17,MCH-305,12.5
18/2/2023,52,Female,Night,35.22521502,29.91,Packing,50.16,33,60.32,MCH-204,19.7
4/3/2023,35,Female,Evening,65.1850805,27.29,Packing,40.47,29,72.91,MCH-305,11
24/3/2023,21,Male,Morning,52.92574429,27.29,Assembly,29.18,30,72.83,MCH-204,18.7
22/3/2023,56,Female,Morning,65.86923918,27.2,Assembly,24.32,31,62.26,MCH-101,11.4
16/3/2023,29,Female,Night,72.72990727,24.81,Packing,9.27,31,57.31,MCH-204,22.5
11/1/2023,24,Male,Morning,55.7744079,21.63,Assembly,51.16,25,79.31,MCH-305,17
2/3/2023,44,Female,Evening,58.26931581,27.94,Packing,25.31,29,72.29,MCH-204,8.3
2/2/2023,29,Male,Evening,62.44459895,26.9,Packing,38.54,31,73.94,MCH-101,18.7
6/3/2023,54,Female,Night,78.83960768,25.64,Inspection,36.99,26,83.63,MCH-204,13.6
15/1/2023,37,Female,Morning,75.29793576,25.73,Assembly,18.27,25,69.6,MCH-305,17.8
17/1/2023,,Male,Morning,65.53053752,27.47,Packing,28.96,24,73.15,MCH-305,15
25/1/2023,58,Male,Night,77.76069644,22.89,Inspection,23.67,31,73.52,MCH-204,13.9
6/2/2023,40,Female,Morning,63.76598885,27.29,Packing,42.93,29,73.79,MCH-305,14.2
22/2/2023,30,Male,Night,73.62728742,23.73,Assembly,43.37,29,55.91,MCH-101,11.5
1/2/2023,47,Female,Evening,44.45770368,29.54,Inspection,32.56,21,69.8,MCH-204,13.7
7/2/2023,41,Male,Night,58.01770375,27.75,Assembly,26.57,30,81.58,MCH-204,11.1
24/2/2023,21,Male,Morning,54.58078932,21.59,Inspection,36.88,31,68.72,MCH-204,13.6
9/1/2023,41,Female,Night,82.63802079,22.97,Assembly,46.07,31,65.27,MCH-305,15.6
9/1/2023,36,Female,Morning,73.11022795,25.74,Packing,20.18,37,79.69,MCH-204,18.2
30/1/2023,47,Male,Morning,80.56995276,25.06,Packing,56.13,26,70.14,MCH-204,19.5
4/1/2023,76,Female,Night,30,48.45,Packing,32.56,32,63.7,MCH-204,15
19/2/2023,,Male,Evening,39.12041845,29.89,Assembly,33.81,32,61.39,MCH-204,11.6
23/2/2023,46,Male,Night,65.12661246,26.63,Inspection,51.03,32,69.46,MCH-101,14.8
2/2/2023,30,Male,Morning,55.80462394,26.95,Assembly,34.44,28,63.38,MCH-305,14.5
11/3/2023,29,Male,Morning,58.78468271,27.29,Packing,33.95,34,79.01,MCH-101,19
24/3/2023,36,Male,Evening,64.72226432,27.44,Assembly,25.87,26,62.39,MCH-204,17.6
19/2/2023,54,Male,Night,78.12876045,25.24,Inspection,29.23,28,72.78,MCH-305,15.7
23/1/2023,40,Male,Evening,73.41167217,25.43,Packing,27.94,29,74.2,MCH-204,19.6
28/3/2023,33,Female,Night,60.41469022,27.22,Assembly,17.34,29,76.33,MCH-101,13.5
6/1/2023,51,Male,Night,79.50368395,22.74,Packing,14.2,32,85.7,MCH-204,16.9
10/1/2023,89,Male,Night,30,50.65,Assembly,32.68,31,56.47,MCH-101,13.5
16/2/2023,56,Female,Evening,68.7217225,26.36,Assembly,21.19,31,76.08,MCH-101,13.6
12/2/2023,150,Male,,55.2190851,28.56,Packing,41.53,37,76.23,MCH-305,8.8
18/2/2023,48,Female,Evening,81.10071465,23.85,Inspection,32.79,29,59.14,MCH-204,15.3
12/1/2023,43,Female,Night,78.9359885,24.15,Packing,19.04,35,72.61,MCH-204,15.4
26/1/2023,37,Male,Evening,79.38068895,23.68,Inspection,50.25,25,65.8,MCH-204,14.6
13/3/2023,42,Male,Evening,69.57745835,26.5,Packing,30.74,29,84.02,MCH-305,16.4
20/2/2023,24,Female,Evening,59.12109495,26.13,Packing,40.15,30,64.31,MCH-101,18
17/1/2023,30,Male,Evening,72.57796826,25.07,Packing,51.44,23,67.85,MCH-305,14.9
1/3/2023,41,Male,Night,75.26905123,23.97,Assembly,34.66,30,66.2,MCH-305,16.8
24/2/2023,140,Male,Morning,80.42093575,23.47,Assembly,35.14,31,61.62,MCH-101,16.1
18/1/2023,54,Female,Evening,76.09629787,25.9,Inspection,49.38,33,54.51,MCH-204,18.2
19/2/2023,27,Female,Morning,66.94193229,25.07,Packing,32.06,32,61.67,MCH-101,16.6
10/3/2023,47,Male,Evening,76.3148211,24.63,Assembly,45.73,24,71.44,MCH-101,20.5
27/1/2023,23,Female,Morning,30,29.09,Assembly,34.26,36,72.82,MCH-101,15.8
12/2/2023,47,Female,Morning,72.60035959,25.84,Packing,36.7,28,78.12,MCH-204,12.2
15/1/2023,33,Male,Morning,50.17088135,28.54,Packing,36.56,27,80.5,MCH-101,18.8
13/1/2023,37,Male,Evening,78.77114872,24.93,Packing,31.3,32,74.01,MCH-305,16.9
6/2/2023,48,Female,Night,73.2078217,26.49,Inspection,29.65,34,77.97,MCH-101,16.4
26/2/2023,36,Male,Evening,72.35657128,25.89,Packing,28.47,28,75.24,MCH-101,10.4
31/1/2023,52,Male,Evening,77.8649775,22.6,Assembly,22.04,30,58.99,MCH-305,19.5
12/3/2023,41,Male,Morning,55.10958752,28.86,Assembly,30.53,35,73.81,MCH-204,18
19/3/2023,142,Female,Morning,73.93925032,25.73,Packing,32.35,25,70.12,MCH-305,15.9
23/1/2023,45,Male,Morning,70.37060053,27.49,Inspection,39.08,16,64.35,MCH-204,6.5
7/1/2023,42,Male,Night,76.77365284,24.5,Inspection,34.08,33,70.12,MCH-204,14
26/3/2023,51,Female,Night,74.94809668,25.67,Assembly,45.77,35,73.57,MCH-204,20.7
9/1/2023,36,Female,Night,76.98700325,24.27,Inspection,45.32,22,67.98,MCH-204,16.4
7/3/2023,41,Female,Morning,57.45242759,28.47,Packing,48.45,30,79.92,MCH-305,11.4
22/1/2023,25,Male,Morning,61.65956846,26.62,Inspection,32.98,28,73.41,MCH-204,13.3
4/2/2023,42,Male,Morning,64.96843759,26.73,Inspection,29.89,31,78.74,MCH-305,13.8
6/1/2023,42,Male,Night,56.17659649,28.72,Assembly,21.33,20,82.56,MCH-101,18.4
21/1/2023,27,Female,Morning,47.95353341,28.31,Assembly,48.08,24,66.04,MCH-305,10.5
18/3/2023,59,Female,Night,65.22414061,27.53,Assembly,23.46,32,65.55,MCH-101,18.2
18/2/2023,54,Male,Morning,80.08614198,23.16,Inspection,25.99,29,81.57,MCH-305,17.4
7/3/2023,48,Female,Morning,66.43132055,27.2,Assembly,37.26,38,62.3,MCH-101,21.7
5/1/2023,49,Female,Morning,76.05074259,23.99,Assembly,31.91,33,69.02,MCH-305,16.6
18/3/2023,43,Male,Night,69.39055435,27.46,Inspection,49.47,25,65.13,MCH-305,11.3
14/1/2023,22,Male,Evening,59.01400135,26.34,Inspection,27.32,34,60.09,MCH-305,14.9
17/2/2023,,Male,Morning,75.89071715,23.22,Inspection,35.29,39,74.98,MCH-305,12
27/3/2023,39,Male,Evening,74.6354353,25.62,Packing,16.47,30,67.32,MCH-101,16.2
14/1/2023,56,Male,,82.05499905,23.01,Packing,47.32,32,60.73,MCH-204,20.2
27/2/2023,28,Female,Evening,66.47303742,25.89,Inspection,18.24,34,79.25,MCH-305,12.4
16/3/2023,39,Female,Evening,78.25048197,22.69,Assembly,59.88,29,56.76,MCH-101,17.8
26/3/2023,71,Female,Morning,30,51.88,Inspection,33.83,19,68.52,MCH-305,13.1
11/1/2023,25,Male,Morning,59.9682357,26.76,Packing,32.13,33,78.9,MCH-204,10.3
19/2/2023,24,Female,Evening,30,29.82,Assembly,34.68,34,79.15,MCH-101,19.8
4/1/2023,34,Male,Morning,52.82336274,27.7,Packing,24.26,37,74.28,MCH-101,15.7
11/2/2023,23,Male,Evening,62.78060741,25.15,Packing,41.58,24,61.2,MCH-101,16.5
7/3/2023,22,Female,Morning,48.88370124,27.64,Packing,30.91,25,71.61,MCH-305,17.6
5/2/2023,34,Female,,74.13796218,23.2,Packing,31.87,27,73.56,MCH-305,9.9
13/1/2023,28,Male,,68.56998634,24.08,Assembly,47.85,29,65.58,MCH-204,14.2
12/3/2023,42,Male,,67.17206027,27.29,Inspection,17.8,33,73.77,MCH-204,10.1
2/3/2023,20,Female,Morning,54.11256594,21.68,Assembly,33.04,24,55.22,MCH-305,13.4
27/1/2023,32,Female,Morning,70.60794715,25.93,Inspection,33.91,35,52.47,MCH-305,18.4
7/2/2023,38,Male,Evening,76.43647721,23.96,Inspection,36.38,34,63.58,MCH-101,16.3
24/1/2023,58,Female,Morning,72.04126684,26.2,Assembly,29.44,35,76.93,MCH-305,13.1
1/3/2023,45,Female,Morning,76.38991571,23.84,Inspection,31.81,28,78.6,MCH-101,15.1
10/3/2023,55,Male,Night,70.89553478,26.85,Assembly,53.49,19,57.21,MCH-204,14.6
22/3/2023,33,Female,Night,75.45777279,26.04,Assembly,39.99,38,84.68,MCH-305,15.9
16/2/2023,37,Female,Morning,50.39281889,28.8,Inspection,27.21,27,70.9,MCH-204,13.1
20/2/2023,36,Female,Night,66.24803094,26.01,Inspection,41.52,34,54.51,MCH-305,14.6
10/1/2023,55,Male,Night,76.58904313,24.46,Packing,35.46,31,73.04,MCH-305,15.5
9/1/2023,58,Male,Evening,78.13617485,25.51,Inspection,42.42,36,82.72,MCH-101,16.3
2/3/2023,58,Female,Evening,67.625584,27.2,Inspection,32.96,30,65.15,MCH-305,15.7
26/2/2023,50,Female,Night,77.78716368,26.81,Inspection,26.92,30,79.77,MCH-204,10.1
28/3/2023,75,Male,Evening,30,50.77163694,Assembly,18.31,31,84.42,MCH-305,11.2
9/1/2023,41,Female,Evening,30,30.94,Packing,46.52,32,70.41,MCH-204,16.9
27/3/2023,59,Female,Evening,80.61062497,24.76,Packing,41.84,24,62.55,MCH-305,14.2
18/1/2023,31,Male,Night,71.28162318,25.46,Assembly,38.57,39,81.7,MCH-204,13.7
3/1/2023,33,Female,Morning,68.84727243,24.85,Inspection,41.49,30,81.67,MCH-204,14.2
3/3/2023,55,Male,Morning,72.55515114,26.42,Inspection,47.37,33,57.42,MCH-204,14.2
26/3/2023,35,Male,Evening,69.59689095,26.76,Assembly,18.17,38,68.98,MCH-305,9.7
23/2/2023,29,Male,Night,66.86590102,25.89,Packing,35.83,30,77.21,MCH-101,20.2
20/2/2023,42,Male,Morning,67.56933611,27,Assembly,16.89,25,77.76,MCH-204,14.7
19/2/2023,33,Female,Night,71.7369912,24.77,Assembly,31.06,25,67.11,MCH-204,15
12/3/2023,55,Male,Morning,57.76630918,27.97,Inspection,38.3,28,60.41,MCH-101,15.2
7/1/2023,,Female,Night,64.83693606,27.29,Assembly,31.48,32,85.71,MCH-204,17.9
18/1/2023,32,Male,Morning,67.06084692,25.98,Assembly,52.62,32,70.89,MCH-204,17.1
1/3/2023,41,Female,Evening,79.05250035,25.37,Assembly,32.09,36,68.21,MCH-305,14.8
21/1/2023,59,Male,Evening,30,30.85,Inspection,27.3,22,64.12,MCH-101,12.4
28/3/2023,49,Female,Evening,79.11366585,24.37,Inspection,35.32,31,67.98,MCH-204,18.7
3/3/2023,,Female,Night,64.54404448,27.29,Packing,24.64,33,54.25,MCH-305,15.2
10/2/2023,43,Female,Evening,72.97284243,24.5,Packing,26.24,33,79.99,MCH-305,16.8
20/2/2023,44,Male,Evening,37.50823503,29.57,Packing,44.36,18,67.29,MCH-305,11.7
28/2/2023,142,Male,Night,69.72571859,27.2,Inspection,44.9,28,48.99,MCH-305,16.9
25/2/2023,21,Male,Night,66.59667366,24.64,Packing,36.57,34,60.15,MCH-101,10.7
8/3/2023,31,Male,Night,65.65418244,27.03,Assembly,41.1,26,79.58,MCH-101,13.8
18/3/2023,147,Male,Evening,72.75353865,26.52,Packing,55.88,24,68.58,MCH-305,15.4
6/2/2023,29,Female,Night,73.09502358,24.97,Assembly,34.42,33,62.11,MCH-101,20.2
11/3/2023,31,Male,Morning,61.5684551,27.52,Packing,26.33,31,71.32,MCH-305,17
27/3/2023,32,Male,Evening,59.14844628,27.2,Inspection,40.36,31,67.01,MCH-204,19.3
19/1/2023,27,Male,Evening,66.21615952,26.43,Assembly,43.35,27,71.1,MCH-204,16.4
8/2/2023,26,Female,Morning,57.76566672,27.29,Assembly,44.34,23,73.2,MCH-305,11.7
15/3/2023,,Female,Evening,67.70436429,26.86,Inspection,46.44,35,61.84,MCH-204,11.7
31/1/2023,54,Female,Evening,74.99670959,26.46,Assembly,44.95,47,64.24,MCH-305,17.3
5/2/2023,20,Male,Evening,54.15535212,26.12,Packing,40.2,22,62.66,MCH-204,12
18/3/2023,31,Male,Morning,72.61215468,24.72,Inspection,41.36,35,62.95,MCH-204,10.4
11/1/2023,22,Female,Morning,30,29.39,Assembly,39.11,29,63.72,MCH-101,12.1
10/3/2023,42,Male,Morning,62.90229888,27.29,Inspection,19.11,32,67.1,MCH-305,15.8
5/1/2023,30,Male,Evening,62.12098433,26.86,Assembly,17.82,30,63.92,MCH-101,12.6
11/1/2023,51,Male,Morning,78.20304706,25.36,Assembly,24.47,41,71.6,MCH-305,18.8
11/3/2023,43,Male,Evening,42.99748428,29.52,Inspection,43.2,26,66.86,MCH-204,16.3
19/1/2023,51,Female,Morning,68.62153363,27.29,Assembly,30.62,27,62.93,MCH-305,15.6
3/1/2023,45,Male,Night,76.36808377,24.53,Packing,36.36,30,50.74,MCH-305,16.2
6/3/2023,84,Female,Morning,30,49.92,Packing,50.63,33,60.97,MCH-305,16.8
15/2/2023,54,Female,Night,65.32958669,,Assembly,45.84,37,66.35,MCH-305,16.9
23/2/2023,39,Female,Morning,68.00878325,,Assembly,13.27,32,79.58,MCH-204,12.5
17/2/2023,57,Female,Morning,77.3358772,25.04,Packing,42.3,31,69.3,MCH-204,18.8
8/2/2023,83,Male,Morning,30,50.09,Assembly,35.56,28,54.87,MCH-101,16.9
20/2/2023,,Female,Morning,65.66637881,,Assembly,28.44,33,70.98,MCH-305,13.8
10/3/2023,,Male,Morning,78.18217518,25,Inspection,31.72,26,65.47,MCH-101,17.3
7/1/2023,,Male,Morning,77.55044836,23.02,Inspection,31.86,31,75.71,MCH-204,11
18/1/2023,52,Male,Morning,55.64601175,28.17,Packing,21.88,29,55.38,MCH-204,17.6
7/2/2023,46,Male,Evening,75.26969889,23.38,Packing,37.45,25,82.11,MCH-305,15.9
11/2/2023,56,Male,Morning,64.99002918,27.59,Inspection,56.77,38,74.47,MCH-305,8.6
15/1/2023,30,Male,Evening,72.68015694,24.6,Inspection,45.16,25,67.91,MCH-101,21
17/2/2023,51,Male,Morning,46.25609693,29.2,Packing,14.74,28,54.56,MCH-204,11.1
13/1/2023,38,Male,Evening,64.69298599,27.5,Packing,37.91,22,55.39,MCH-101,16.7
10/3/2023,27,Male,Evening,65.68838851,23.98,Packing,37.91,29,76.85,MCH-204,19.2
6/3/2023,26,Male,Evening,69.94602604,24.17,Inspection,25.05,32,78.03,MCH-204,7.2
7/2/2023,42,Female,Morning,62.00290829,27.21,Inspection,22.89,25,80.42,MCH-101,15.7
7/3/2023,32,Male,Night,70.17061293,25.48,Assembly,43.98,21,86.67,MCH-204,17.7
7/3/2023,42,Male,Evening,76.20005118,25.66,Packing,36.05,28,77.49,MCH-204,18.3
31/1/2023,37,Male,Morning,53.9438608,28.54,Assembly,30.23,29,74.07,MCH-101,18.7
14/2/2023,46,Male,Morning,77.17857299,24.5,Packing,41.03,29,93.88,MCH-204,17.8
2/1/2023,32,Female,Morning,70.61993268,26.18,Inspection,56.17,38,64.55,MCH-101,14
16/2/2023,58,Female,Night,69.05405161,27.29,Packing,37.58,32,68.99,MCH-305,16.4
10/2/2023,51,Female,Morning,69.8074723,27.29,Packing,37.91,31,54.59,MCH-204,21
24/3/2023,40,Female,Morning,77.45504252,25.68,Inspection,34.78,32,76.24,MCH-101,18.8
14/3/2023,57,Male,Night,76.83626064,25.42,Inspection,31.08,32,67.97,MCH-204,13
2/2/2023,37,Female,Night,71.72019457,22.52,Packing,43.19,28,63.8,MCH-204,18.2
1/3/2023,25,Male,Evening,70.40956666,23.89,Packing,33.07,25,64.01,MCH-101,19.1
14/1/2023,21,Female,Morning,52.75939673,26.64,Packing,40,42,62.05,MCH-305,12.4
7/2/2023,57,Male,Night,76.49365997,25.72,Packing,50.01,29,68.31,MCH-101,14.9
3/3/2023,58,Female,Night,69.83421352,27.29,Packing,42.45,30,55.58,MCH-204,14.1
22/3/2023,42,Male,Night,56.14066731,28.08,Inspection,22.26,30,56.48,MCH-305,17.8
5/3/2023,24,Female,Night,63.64863641,23.63,Packing,21.68,26,58.93,MCH-305,13.8
4/2/2023,31,Male,Night,72.59099243,25.53,Inspection,47.53,31,63.8,MCH-204,13.1
16/3/2023,21,Female,Night,54.76517285,26.38,Assembly,33.88,24,65.36,MCH-101,18.3
30/1/2023,22,Female,Morning,60.97324228,24.59,Assembly,37.61,34,49.51,MCH-101,11.4
31/1/2023,41,Female,Evening,49.20214685,28.86,Packing,27.08,29,64.85,MCH-204,15.6
24/1/2023,42,Male,Morning,63.97747036,27.82,Assembly,41.16,36,61.59,MCH-101,12.8
12/1/2023,22,Male,Morning,59.51200502,26.58,Inspection,53.88,33,77.83,MCH-101,18.3
17/3/2023,59,Female,Night,37.42106862,29.59,Assembly,36.52,32,61,MCH-101,13.2
1/1/2023,38,Male,Night,74.92285137,23,Assembly,41.48,26,80.04,MCH-305,15.1
2/3/2023,30,Male,Evening,67.41644216,25.98,Inspection,47.45,30,87.42,MCH-305,7.8
27/1/2023,40,Male,Night,68.07346405,26.73,Packing,51.8,34,81.67,MCH-101,15
27/2/2023,42,Male,Morning,83.0478554,24.17,Inspection,28.21,31,60.18,MCH-204,14.5
11/2/2023,32,Male,Morning,60.98314491,26.6,Inspection,39.14,23,75.19,MCH-204,15.2
17/3/2023,42,Male,Night,74.63573313,23.79,Packing,47.75,35,60.35,MCH-204,18.9
20/3/2023,22,Female,Evening,52.62109443,27.38,Inspection,50.54,34,61.74,MCH-204,16.8
14/1/2023,54,Female,Evening,57.40187376,28.12,Packing,30.76,22,62.42,MCH-101,16.2
30/1/2023,24,Male,Morning,60.32064461,26.54,Inspection,28.3,31,71.36,MCH-101,12.8
10/3/2023,45,Male,Morning,72.82775027,22.29,Assembly,33.45,34,61.26,MCH-204,21.4
20/3/2023,35,Male,Night,75.51406162,24.07,Packing,31.79,27,70.39,MCH-101,9.5
2/2/2023,51,Female,Night,63.02582243,27.13,Packing,32.21,23,82.62,MCH-204,11.4
18/2/2023,22,Male,Night,61.55479913,26.04,Assembly,39.12,25,58.98,MCH-204,12.7
5/1/2023,55,Female,Morning,62.54105792,27.29,Assembly,29.59,29,53.92,MCH-305,15.6
21/2/2023,47,Female,Morning,52.98633272,28.49,Packing,50.59,35,63.6,MCH-204,15.1
16/2/2023,37,Female,Night,72.05215807,26.27,Assembly,30.95,25,84.28,MCH-305,12.7
10/3/2023,28,Male,Evening,70.58281263,24.36,Inspection,28.99,25,76.89,MCH-204,15.5
24/3/2023,59,Female,Evening,60.39883839,27.99,Inspection,23.3,28,61.45,MCH-101,18.5
8/3/2023,32,Female,Morning,70.1997132,24.64,Inspection,47.57,33,59.55,MCH-305,15.2
12/3/2023,39,Female,Evening,68.40623375,24.62,Assembly,22.07,39,73.24,MCH-101,11.2
4/1/2023,35,Female,Evening,60.78290907,26.72,Assembly,39.57,30,70.98,MCH-204,14.7
27/3/2023,29,Female,Evening,30.00834545,29.56,Assembly,41.95,27,76.23,MCH-305,12.5
5/1/2023,36,Male,Morning,41.56031662,29.25,Packing,5.84,26,58.45,MCH-204,10.8
3/2/2023,26,Female,Morning,61.17112204,26.72,Inspection,21.91,37,69.16,MCH-204,15.1
13/2/2023,20,Female,Morning,53.5820992,26.92,Packing,31.22,24,78.96,MCH-101,12.3
2/1/2023,31,Male,Evening,56.57647473,27.58,Packing,53.95,31,81.29,MCH-305,14
12/3/2023,24,Male,Evening,66.81176195,23.49,Packing,31.22,37,57.61,MCH-101,16.3
28/1/2023,36,Female,Evening,63.27226453,27.29,Inspection,29.97,29,69.15,MCH-101,16
19/1/2023,85,Male,Evening,30,52.97,Inspection,27.5,25,67.14,MCH-305,18.6
12/1/2023,26,Male,Night,62.90621345,26.64,Inspection,27.35,33,61.63,MCH-101,9.8
22/3/2023,20,Female,Morning,59.20752176,25.55,Assembly,28.65,31,62.65,MCH-204,14.4
10/2/2023,24,Female,Night,58.68900156,27,Inspection,28.28,32,75.67,MCH-305,18
26/3/2023,40,Female,Morning,73.00066701,26.24,Assembly,27.85,33,62.34,MCH-305,10
1/1/2023,92,Male,Evening,30,51.12,Assembly,27.84,33,68.77,MCH-305,14.5
9/2/2023,,Male,Evening,64.89159813,26.36,Assembly,31.19,31,74.87,MCH-305,15.6
16/2/2023,21,Female,Night,50.94779811,27.28,Inspection,44.51,33,87.52,MCH-305,11.7
14/1/2023,80,Female,Morning,30,49.03,Inspection,23.79,37,72.99,MCH-305,13
11/2/2023,,Male,Evening,76.24350477,25.79,Inspection,28.53,26,77.21,MCH-204,11.4
21/1/2023,37,Male,Morning,43.69171715,29.28,Inspection,29.8,29,72.63,MCH-305,15.8
26/3/2023,42,Male,Morning,71.52012158,26.62,Packing,35,34,67.94,MCH-101,7.5
19/1/2023,51,Female,Night,68.88216523,26.88,Inspection,27.37,30,67.77,MCH-101,12.7
21/1/2023,38,Male,Night,61.41172853,28.09,Inspection,55.75,24,68.84,MCH-101,12.8
20/2/2023,53,Female,Evening,70.80269853,26.73,Inspection,40.83,32,48.6,MCH-305,17.7
31/1/2023,41,Male,Evening,76.96489161,24.2,Inspection,44.74,28,66.73,MCH-101,10.3
1/2/2023,30,Female,Evening,64.87492816,21.12,Inspection,37.39,41,74.38,MCH-204,18.9
13/1/2023,29,Male,Morning,72.46969985,25.05,Packing,49.04,35,62.63,MCH-101,17.2
6/1/2023,32,Female,Evening,61.48441425,27.52,Packing,23.57,36,84.53,MCH-305,18.1
14/1/2023,43,Female,Morning,80.80282495,25.29,Assembly,29.43,30,71.25,MCH-204,13.7
22/2/2023,29,Male,Night,52.63456494,27.6,Assembly,26.83,32,68.69,MCH-204,13.7
10/2/2023,56,Male,Evening,74.17470434,26.3,Inspection,33.29,28,78.36,MCH-204,12.6
2/3/2023,39,Female,Morning,54.2310004,28.58,Assembly,50.84,26,75.64,MCH-101,16.7
12/1/2023,54,Female,Evening,76.1010044,25.41,Packing,56.99,25,81.33,MCH-101,13.9
22/1/2023,47,Female,Night,68.78191951,26.94,Inspection,44.55,41,83.28,MCH-305,12.6
7/3/2023,33,Male,Morning,58.95298805,,Assembly,34.02,32,84.65,MCH-204,13.9
2/2/2023,29,Female,Morning,39.73433175,29,Assembly,46.2,23,74.57,MCH-305,16.1
8/2/2023,49,Female,Morning,79.62284539,22.59,Packing,49.83,35,59.63,MCH-305,11.2
12/2/2023,33,Male,Evening,73.1094076,25.08,Inspection,46.77,43,67.62,MCH-305,12.1
14/3/2023,29,Female,Night,58.70561247,,Assembly,33.66,22,86.39,MCH-204,19
10/2/2023,57,Male,Evening,44.99806294,29.09,Packing,33.93,33,72.59,MCH-204,12.3
4/2/2023,39,Male,Morning,69.76918223,26.48,Inspection,28.42,24,65.66,MCH-305,19.3
7/2/2023,21,Male,Night,63.57298851,25.41,Packing,32.55,36,64.55,MCH-204,13.4
1/1/2023,98,Male,Morning,30,51.71,Inspection,27.01,19,59.23,MCH-101,10.9
16/3/2023,38,Male,Evening,58.27211629,27.74,Inspection,34.36,30,79.19,MCH-204,19.1
28/3/2023,54,Female,Night,78.94203874,25.28,Inspection,34.77,32,65.48,MCH-101,20.2
10/1/2023,48,Male,Evening,72.43923632,26.66,Packing,26.36,23,60.17,MCH-204,13.3
20/2/2023,27,Male,Night,49.22446394,28.36,Inspection,61.85,32,61.3,MCH-305,18.3
24/2/2023,26,Male,Evening,30,29.78,Assembly,37.96,28,43.91,MCH-305,15.3
20/3/2023,44,Male,Morning,62.02220284,27.49,Inspection,47.92,39,77.06,MCH-101,15.5
8/2/2023,21,Female,Morning,59.98551712,26.09,Inspection,47.01,23,67.63,MCH-101,15.9
28/1/2023,32,Female,Evening,72.35203692,25.89,Packing,54.43,35,57.71,MCH-204,15.1
10/1/2023,25,Male,Morning,53.75656901,27.11,Inspection,25.93,30,83.87,MCH-101,15.3
17/1/2023,20,Male,Evening,70.05651002,25.77,Assembly,29.55,36,70.47,MCH-305,15
12/1/2023,76,Female,Evening,30,49.35,Assembly,16.86,37,47.59,MCH-204,13.3
15/2/2023,79,Male,Night,30,52.42,Inspection,18.82,29,77.22,MCH-101,12.9
19/1/2023,20,Female,Morning,39.89705408,28.59,Packing,24.9,30,59.89,MCH-305,11.6
7/3/2023,57,Male,Night,75.03937515,23.72,Assembly,33.48,35,75.95,MCH-305,9.3
10/3/2023,27,Female,Evening,68.94662166,25.14,Packing,34.06,33,75.05,MCH-204,14.7
17/2/2023,52,Female,Evening,72.67258117,26.2,Inspection,66.75,29,71.37,MCH-204,12.5
9/1/2023,21,Male,Evening,52.03247643,,Packing,40.03,26,57.48,MCH-204,10.1
29/1/2023,26,Female,Morning,65.67531786,25.15,Inspection,44.7,32,57.67,MCH-204,12.5
6/2/2023,24,Male,,66.59356809,24.67,Inspection,36.42,24,69.51,MCH-101,13.4
3/2/2023,82,Male,Morning,30,51.89,Packing,21.87,33,60.59,MCH-204,13.4
2/1/2023,44,Female,Morning,47.73055092,29.32,Assembly,37.97,36,82.19,MCH-101,19.2
19/2/2023,39,Female,Morning,63.28536297,20.38,Inspection,18.86,26,68.99,MCH-305,13.2
4/2/2023,29,Female,Evening,69.94725171,23.99,Inspection,33.2,28,59.95,MCH-204,19.3
9/3/2023,23,Male,Night,30,31.46,Inspection,41.48,27,79.99,MCH-204,12.7
6/2/2023,42,Male,Evening,67.69197609,,Assembly,29.13,35,50.89,MCH-204,16.4
4/3/2023,29,Female,Morning,67.92957411,23.79,Assembly,36.93,30,68.68,MCH-204,12
16/3/2023,43,Female,Morning,76.01798398,25.92,Inspection,28.98,28,75.56,MCH-204,20.1
8/2/2023,47,Female,Evening,76.91039661,26.13,Assembly,23.95,33,59.71,MCH-204,18.7
26/1/2023,90,Female,Morning,30,50.16,Packing,39.88,28,65.68,MCH-204,17.2
13/3/2023,91,Female,Night,30,50.4,Packing,45.45,29,63.26,MCH-101,20.9
12/1/2023,20,Female,Morning,54.36025583,26.78,Packing,45.42,24,58.76,MCH-204,17.6
7/2/2023,92,Male,Night,30,49.25,Packing,32.59,34,70.76,MCH-204,16.3
23/1/2023,54,Male,Morning,69.52722873,,Inspection,13.24,25,78.51,MCH-204,10.9
5/3/2023,41,Male,Morning,70.47793119,24.6,Packing,35.88,37,90.04,MCH-101,7.9
18/2/2023,44,Female,Morning,84.30023804,23.93,Assembly,47.69,31,77.62,MCH-204,11.1
4/3/2023,38,Female,Morning,73.60391541,22.48,Inspection,21.85,29,67.31,MCH-204,9.9
14/2/2023,26,Male,Morning,69.28660299,22.87,Assembly,52.81,30,81.15,MCH-305,12.6
17/3/2023,55,Male,Morning,74.99291493,24.21,Packing,14.41,39,58.71,MCH-204,18.3
11/1/2023,50,Female,Evening,61.15063733,27.2,Inspection,38.97,23,64.64,MCH-305,11.8
5/2/2023,59,Male,Evening,73.52187292,26.63,Inspection,43.3,24,79.53,MCH-305,13.6
10/3/2023,,Male,Morning,78.85902849,23.6,Inspection,49.68,35,63.42,MCH-204,15.2
20/3/2023,31,Female,Morning,53.35198694,19.71,Packing,39.59,25,70.58,MCH-204,15.3
4/2/2023,41,Male,Morning,71.91052282,23.91,Assembly,31.75,26,62.99,MCH-204,13.2
12/1/2023,,Female,Morning,72.21724496,25.06,Inspection,36.68,28,67.84,MCH-305,18.6
27/1/2023,56,Female,Morning,81.04595151,24.79,Assembly,28.18,36,69.31,MCH-101,15.1
23/1/2023,42,Female,Morning,47.70599704,29.04,Packing,15.1,34,74.71,MCH-101,15.5
6/3/2023,87,Male,Evening,30,50.81,Packing,32.58,29,71.66,MCH-204,22.4
21/1/2023,42,Female,Morning,57.62408963,27.76,Assembly,39.91,32,77.15,MCH-204,20.2
20/2/2023,44,Male,Morning,70.90683408,25.96,Inspection,45.26,32,73.92,MCH-305,15.1
18/3/2023,56,Male,Evening,69.44763404,25.92,Assembly,30.14,25,68,MCH-305,16.6
24/3/2023,59,Male,Evening,78.41603299,24.33,Inspection,49.77,25,63.91,MCH-101,12.2
27/1/2023,23,Male,Morning,58.19522,25.88,Inspection,33.32,20,60.85,MCH-305,8.7
22/2/2023,34,Male,Morning,57.67570682,27.29,Assembly,39.79,37,42.72,MCH-101,17
14/3/2023,49,Female,Evening,68.95403944,26.34,Inspection,42.46,27,68.85,MCH-204,11.8
21/1/2023,52,Male,Morning,75.61584338,25.53,Inspection,35.53,30,58.57,MCH-101,16.7
16/1/2023,25,Female,Evening,66.9192847,24.11,Inspection,34.09,33,61.24,MCH-101,21.4
28/2/2023,32,Male,Night,55.24208761,27.98,Packing,50.57,25,66.99,MCH-204,9.4
2/3/2023,41,Male,Evening,72.71007327,26.85,Inspection,18.01,26,64.79,MCH-101,8.2
20/1/2023,51,Female,Morning,76.16664536,25.1,Assembly,35.42,25,75.48,MCH-305,12.2
29/1/2023,24,Male,Night,62.18166521,26.29,Packing,16.66,16,68.33,MCH-305,17.4
11/3/2023,44,Female,Morning,75.45022079,25.83,Inspection,17.02,30,86.27,MCH-204,18.8
19/2/2023,31,Female,Morning,73.87215034,24.26,Packing,34.47,42,91.94,MCH-204,17.4
26/1/2023,28,Male,Morning,64.64209552,26.14,Assembly,29.74,27,66.94,MCH-305,15.9
18/2/2023,42,Male,Night,75.44640278,24.76,Packing,55.79,27,61.53,MCH-305,15.1
1/1/2023,36,Female,Night,73.89234661,24.11,Packing,32.47,28,52.37,MCH-305,15.4
7/3/2023,45,Female,Evening,77.91133242,22.75,Inspection,46.35,32,88.28,MCH-305,18.6
13/2/2023,32,Male,Evening,68.41189889,25.28,Assembly,35.52,34,62.76,MCH-101,13.1
8/1/2023,52,Male,Morning,63.43326236,27.29,Assembly,22.98,26,64.6,MCH-305,15.1
6/1/2023,23,Female,Evening,61.13168384,24.61,Packing,17.37,32,63,MCH-204,11.5
17/1/2023,54,Female,Evening,30,31.04,Inspection,21.36,30,66.73,MCH-204,16.1
25/3/2023,21,Male,Night,41.82671243,27.77,Packing,38.28,31,65.23,MCH-305,15.1
6/3/2023,49,Male,Night,56.22155363,28.61,Packing,50.97,32,78.27,MCH-101,22.8
17/2/2023,33,Female,Morning,59.7902479,27.59,Packing,25.86,25,42.54,MCH-305,10.6
12/1/2023,35,Male,Evening,37.48103621,29.71,Inspection,43.38,27,68.12,MCH-305,17.8
3/3/2023,20,Male,Morning,48.74017379,27.29,Packing,33.18,32,77.18,MCH-204,13.5
8/1/2023,48,Male,Evening,69.25712859,20.88,Inspection,24.35,29,63.1,MCH-204,17.5
25/2/2023,26,Male,Morning,66.34294115,25.11,Assembly,38.55,34,75.88,MCH-101,17.2
27/1/2023,46,Male,Night,56.81836301,27.12,Packing,50.91,29,70.9,MCH-101,14.1
25/2/2023,49,Male,Evening,75.7212519,26.3,Assembly,34.25,35,62.82,MCH-101,11.9
1/1/2023,53,Male,Evening,76.30949442,26.55,Packing,43.3,20,51.88,MCH-204,11.8
4/1/2023,48,Female,Evening,54.48768498,28.64,Assembly,38.09,32,74.07,MCH-101,15.3
25/2/2023,32,Male,Morning,63.49156767,26.76,Inspection,38.1,24,73.18,MCH-305,12.8
24/3/2023,49,Male,Evening,65.53491622,27.6,Packing,26.97,36,62.59,MCH-305,14.3
26/2/2023,53,Male,,75.36008527,24.12,Packing,39.91,29,77.6,MCH-204,11.3
16/3/2023,32,Female,Night,67.81293445,23.81,Inspection,20.38,28,65.15,MCH-305,16.5
24/1/2023,24,Female,Morning,55.3608247,27.2,Assembly,38.61,26,80.34,MCH-101,12.3
9/2/2023,55,Female,Morning,75.42026129,26.2,Assembly,48.73,33,73.03,MCH-305,13.8
22/3/2023,25,Male,Evening,69.00944662,24.75,Inspection,53.04,33,84.8,MCH-101,18.9
15/3/2023,43,Male,Night,73.69215794,24.76,Assembly,24.58,29,73.63,MCH-101,15.4
21/3/2023,42,Male,Evening,74.46769694,24.7,Inspection,39.42,33,70.28,MCH-101,17.3
3/2/2023,25,Female,Evening,68.87544544,24.58,Assembly,27.95,31,51.15,MCH-305,12.1
4/1/2023,51,Male,Morning,75.28226059,23.43,Inspection,36.41,30,70.54,MCH-204,15.8
6/1/2023,25,Female,Evening,67.07793412,23,Inspection,54.22,34,67.61,MCH-101,16.3
5/1/2023,46,Female,Morning,79.82199971,25.61,Inspection,43.78,39,86.15,MCH-305,12.1
13/2/2023,47,Male,Night,77.58808597,24.81,Inspection,28.48,31,72.13,MCH-204,15.2
13/1/2023,22,Female,Evening,37.59064247,28.21,Assembly,27.91,31,77.83,MCH-305,13.7
7/1/2023,26,Male,Morning,50.91102094,27.2,Packing,35.17,35,84.04,MCH-204,15.8
1/3/2023,51,Male,Evening,74.29461189,26.53,Assembly,35.85,25,83.4,MCH-305,11
20/1/2023,40,Male,Morning,75.08128296,24.51,Inspection,36.33,29,69.13,MCH-101,11.9
18/3/2023,24,Female,Evening,69.77338805,25.76,Packing,20.11,28,91.29,MCH-305,10.8
8/2/2023,59,Male,Evening,63.68161374,26.72,Packing,54.99,32,64.94,MCH-204,11.5
21/1/2023,30,Female,Evening,59.35500112,27.43,Assembly,55.98,31,83.3,MCH-101,13.1
20/1/2023,20,Female,Night,55.47925948,25.81,,39.79,39,62.53,MCH-101,16.5
5/1/2023,56,Female,Night,55.7545012,28.16,,,37,78.6,MCH-305,15.3
21/3/2023,20,Female,Morning,49.43797988,27.2,Inspection,28.73,22,60.36,MCH-101,15.3
3/1/2023,42,Male,Evening,63.98249288,27.59,Inspection,25.58,32,76.19,MCH-204,12.1
25/1/2023,59,Female,Evening,80.23660197,25.02,Inspection,24.68,34,61.46,MCH-101,14.9
31/1/2023,43,Male,,79.36938367,22.37,Packing,28.66,30,59.63,MCH-204,18.8
11/1/2023,43,Female,Night,72.05587645,26.54,Assembly,39.22,27,60.34,MCH-204,15.9
14/1/2023,35,Male,Morning,62.01981266,27.45,Assembly,36.28,37,74.98,MCH-204,17.4
16/3/2023,25,Female,Evening,54.0451558,27.15,Assembly,50.24,32,74.94,MCH-101,13.5
6/2/2023,42,Female,Morning,72.42523666,26.84,Packing,19.77,25,74.9,MCH-101,13.6
20/1/2023,55,Female,Morning,79.89720397,25.3,Packing,26.19,35,,MCH-305,16.6
24/3/2023,23,Male,Night,65.00443114,24.39,Assembly,15,32,65.16,MCH-204,12.2
24/1/2023,55,Female,Morning,73.39338855,27.1,Packing,36.45,27,62.79,MCH-204,14.6
16/3/2023,36,Male,Morning,63.97974181,26.85,Packing,51.01,26,59.65,MCH-305,15.6
20/3/2023,41,Male,Night,80.32593032,24.88,Assembly,30.28,26,59.05,MCH-305,13.8
5/3/2023,26,Male,Night,53.63079317,27.29,Packing,48.65,36,82.13,MCH-204,12.5
13/1/2023,44,Male,Morning,74.01422148,24.23,Inspection,41.94,33,59.41,MCH-204,13
21/2/2023,27,Female,Morning,64.08517237,24.83,Assembly,43.67,35,60.68,MCH-305,10.9
6/3/2023,30,Female,Night,60.65191059,27.29,Assembly,40.86,31,60.02,,15.8
23/1/2023,48,Male,Night,62.96909527,27.74,Assembly,53.03,27,56.73,MCH-305,17.5
5/3/2023,22,Male,Night,57.67086538,25.28,Assembly,33,26,73.05,MCH-204,13.5
11/3/2023,37,Female,Evening,64.89922224,26.57,Packing,41.87,35,64.64,MCH-204,23.2
15/2/2023,43,Male,Morning,72.37057254,26.31,Assembly,53.45,32,68.36,MCH-101,12.7
27/2/2023,25,Male,Night,50.3976656,20.51,Inspection,24.77,29,68.83,MCH-204,12.8
20/1/2023,42,Female,Morning,75.7702217,24.19,Packing,32.85,30,72.89,MCH-204,17.3
2/2/2023,33,Male,Morning,65.12793798,25.9,Packing,40.75,35,71.01,MCH-305,16.9
28/1/2023,46,Female,Night,77.70372528,25.29,Assembly,26.41,33,81.84,MCH-101,17
8/1/2023,59,Female,Evening,70.78262272,26.49,Packing,25.99,30,63.32,MCH-305,18.2
12/2/2023,53,Female,Morning,59.13477912,28.26,Packing,55.3,30,64.08,MCH-101,12.2
27/1/2023,27,Female,Morning,66.84792665,25.36,Packing,26.88,27,69.11,MCH-204,16.1
14/3/2023,20,Female,Evening,56.94999943,23.88,Assembly,31.34,30,69.27,MCH-305,10.8
22/1/2023,22,Female,Morning,57.00293782,26.65,Inspection,37.16,29,55.17,MCH-305,18.2
1/3/2023,43,Male,Night,76.63578571,25.35,Assembly,39.29,30,54.23,MCH-305,18
17/3/2023,26,Male,Evening,60.02746881,25.69,Inspection,29.55,27,68.59,MCH-101,18.1
13/3/2023,29,Male,Evening,70.41050987,25.42,Packing,32.92,23,83.86,MCH-204,14.8
18/1/2023,53,Female,Evening,30,30.48,Inspection,24.98,35,84.85,MCH-204,18.1
28/1/2023,89,Male,Evening,30,47.31,Assembly,29.46,33,58.83,MCH-101,15.5
25/2/2023,53,Male,Evening,76.12884717,25.22,Assembly,41.95,29,65.69,MCH-305,19.1
15/1/2023,30,Female,Night,61.80024102,25.99,Assembly,44.06,28,71.63,MCH-204,14.1
25/3/2023,44,Male,Evening,74.9976873,24.44,Packing,45.18,23,73.04,MCH-204,14
21/1/2023,44,Female,Evening,63.00249723,27.8,Inspection,34.95,35,60.26,MCH-305,16.3
10/2/2023,27,Female,Evening,57.13471199,27.63,Assembly,33.03,36,87.02,MCH-101,11.2
10/3/2023,42,Female,Morning,64.29925965,27.29,Assembly,21.92,30,64.3,MCH-204,14.3
12/2/2023,41,Male,Night,79.84873023,25.46,Assembly,31.44,32,73.69,MCH-305,14.8
14/3/2023,35,Male,Evening,62.29279697,27.29,Packing,36.73,25,66.71,MCH-305,11
5/3/2023,50,Female,Morning,73.25046606,25.79,Assembly,45.88,30,66.76,MCH-305,15.3
18/1/2023,47,Male,Morning,73.28672093,25.84,Packing,15.67,27,77.57,MCH-101,16.5
20/2/2023,41,Male,Night,75.61008666,25.62,Packing,31.63,27,79.85,MCH-204,17.5
27/1/2023,49,Male,Night,70.87950524,26.5,Assembly,12.34,29,76.81,MCH-101,10.5
8/3/2023,88,Male,Night,30,50.6,Packing,18.96,28,61.17,MCH-101,18
8/3/2023,94,Male,Evening,30,49.29,Packing,48.17,29,56.54,MCH-305,8.8
9/2/2023,75,Female,Night,30,49.1,Assembly,21.98,35,96.6,MCH-305,12.3
9/1/2023,50,Male,Morning,74.81023149,22.5,Assembly,36.08,19,73.07,MCH-305,21.1
15/2/2023,48,Male,Night,64.95217667,27.73,Inspection,45.26,27,61.02,MCH-101,15.5
23/1/2023,59,Male,Morning,71.18335252,26.5,Assembly,30.32,33,79.42,MCH-204,11.9
20/2/2023,25,Female,Night,57.30611586,27.01,Inspection,22.76,31,60.94,MCH-305,10.9
20/3/2023,36,Female,Morning,74.91995301,23.14,Inspection,36.19,26,89.68,MCH-204,11.2
15/1/2023,56,Female,Evening,43.84946886,29.57,Inspection,50.6,41,65.92,MCH-204,12.2
18/1/2023,40,Male,Morning,78.34605263,24.78,Assembly,44.93,43,78.59,MCH-204,17.9
20/1/2023,57,Male,Morning,75.6495852,26.34,Inspection,32.52,30,69.55,MCH-305,16.6
18/3/2023,98,Male,Night,30,47.42,Inspection,29.43,25,54.76,MCH-204,18.2
20/1/2023,21,Male,Night,55.76177462,24.03,Inspection,46.56,29,60.16,MCH-101,11.8
20/3/2023,51,Female,Morning,84.44130796,24.91,Assembly,20.39,24,62.32,MCH-101,9
1/1/2023,34,Female,Morning,66.17099285,26.36,Assembly,44.37,32,63.15,MCH-101,16.9
25/1/2023,40,Female,Night,30,31.71,Assembly,29.69,33,71.87,MCH-305,14.8
8/2/2023,157,Male,Night,70.2639224,26.6,Assembly,20.13,35,45.68,MCH-101,12.6
3/2/2023,36,Male,Morning,42.75842711,29.21,Packing,17.33,32,71.94,MCH-204,18
17/1/2023,160,Female,Evening,61.72419198,28.41,Assembly,51.35,31,50.24,MCH-305,18.9
26/3/2023,23,Male,,58.53395955,26.74,Inspection,32.99,25,73.58,MCH-305,20.2
23/3/2023,50,Male,Night,77.24843489,24.02,Assembly,26.06,24,61.99,MCH-204,11.9
15/2/2023,55,Male,Evening,64.03376018,28.12,Packing,34.56,20,71.35,MCH-101,18.7
24/3/2023,46,Male,,84.53805946,23,Packing,29.28,30,56.66,MCH-204,16.2
26/1/2023,35,Female,,40.60360726,29.2,Packing,29.62,34,63.71,MCH-204,13.1
17/1/2023,26,Female,Evening,61.57432018,26.4,Assembly,30.04,36,49.54,MCH-305,18.6
21/2/2023,47,Male,Night,69.45686728,20.7,Packing,35.08,34,57.54,MCH-101,12.3
10/2/2023,38,Female,Morning,75.69018924,25.32,Packing,42.57,28,84.01,MCH-101,13.1
14/3/2023,25,Male,Night,57.14145929,27.31,Packing,19.71,39,84.28,MCH-101,17.7
7/3/2023,75,Male,Evening,30,50.41,Assembly,48.5,25,57.56,MCH-204,13.2
4/3/2023,58,Male,Night,68.39808995,27.43,Packing,25.55,25,66.61,MCH-305,16.2
6/1/2023,30,Female,Night,74.72748166,24.3,Packing,37.56,34,74.58,MCH-305,13.5
27/1/2023,27,Female,Morning,72.19948009,23.39,Inspection,34.42,37,70.8,MCH-305,15.5
18/3/2023,47,Female,Morning,72.47118978,25.86,Inspection,26.93,39,64.24,MCH-101,15.7
24/3/2023,27,Male,Night,61.49381214,26.06,Inspection,46.35,35,54.43,MCH-101,12.1
7/3/2023,56,Male,Morning,75.66662695,25.3,Packing,27.06,34,78.77,MCH-305,15.6
26/2/2023,54,Female,Morning,56.31657647,28.45,Inspection,49.19,34,64.92,MCH-204,13.4
2/1/2023,59,Male,Evening,83.46382162,24.3,Assembly,41.68,29,53.55,MCH-305,12.1
10/3/2023,56,Male,Night,70.6021188,26.63,Inspection,27.5,26,69.55,MCH-204,11.7
26/2/2023,29,Female,Night,74.30409559,26.14,Assembly,23.02,31,66.56,MCH-305,11.7
24/1/2023,28,Female,Evening,68.22177957,22.89,Inspection,45.65,22,64.91,MCH-204,13.2
18/1/2023,33,Male,Morning,76.39284083,23.36,Inspection,23.59,28,71.27,MCH-305,16.7
13/1/2023,38,Male,Evening,72.82457218,26.02,Inspection,33.67,27,67.87,MCH-101,10.9
22/3/2023,55,Female,Night,39.2201648,29.96,Assembly,41.97,33,81.21,MCH-101,15.3
1/1/2023,49,Male,Morning,71.21183936,27.16,Assembly,39.64,31,60.87,MCH-101,16.1
12/3/2023,45,Male,Evening,74.41815706,22.55,Inspection,32.97,37,62.29,MCH-101,18
4/3/2023,55,Male,Morning,60.18610941,19.78,Assembly,27.7,34,77.72,MCH-305,13.4
26/3/2023,45,Male,Morning,64.1177,27.47,Inspection,42.22,27,94.95,MCH-101,15.5
27/3/2023,35,Male,Morning,67.3669854,25.81,Packing,16.19,33,93.39,MCH-204,11.5
11/1/2023,36,Female,Night,57.93374027,28.28,Packing,37.6,21,77.32,MCH-204,11.1
28/2/2023,40,Female,Night,65.95178734,27.29,Packing,22.03,34,66.49,MCH-101,16.1
30/1/2023,23,Male,Morning,50.16813641,26.7,Assembly,26.23,26,64.66,MCH-101,21.2
14/1/2023,49,Male,Night,62.60771297,27.69,Packing,38.68,27,66.13,MCH-101,17
2/2/2023,46,Female,Evening,74.0061413,25.11,Inspection,27.5,37,52.59,MCH-305,11.4
21/3/2023,88,Male,Night,30,51.2,Inspection,46.57,32,76.83,MCH-204,11.6
9/3/2023,41,Female,Night,69.41149797,26.05,Assembly,42.06,29,,MCH-204,16.8
16/3/2023,51,Female,Morning,70.07051502,27.09,Inspection,28.02,35,68.65,MCH-204,17.2
3/1/2023,57,Male,Night,76.72207485,25.97,Packing,32.75,37,90.93,MCH-305,15.2
18/3/2023,42,Female,Evening,56.90055136,27.95,Inspection,23.96,25,97.26,MCH-305,14.4
25/3/2023,37,Female,Morning,73.4717105,25.08,,39.73,26,78.85,MCH-204,16.6
10/3/2023,24,Male,Morning,69.82310953,23.34,Inspection,50.68,34,63.3,,11.9
20/2/2023,51,Female,Night,36.78623158,29.95,Inspection,23.05,32,61.42,MCH-204,18.1
24/3/2023,56,Male,Evening,78.27449722,24.79,Packing,,21,77.74,MCH-101,16.1
31/1/2023,47,Female,Evening,82.69649497,24.86,Assembly,38.23,39,80.53,,12.6
13/2/2023,54,Female,Morning,78.12699946,25.87,Packing,22.5,28,63.43,MCH-204,14.7
8/1/2023,54,Male,Night,69.41414191,26.13,Inspection,24.92,25,58.4,MCH-101,25.4
10/1/2023,51,Female,Morning,76.16420667,25.23,Assembly,16.92,30,52.89,MCH-204,14.1
15/3/2023,40,Male,Morning,71.50555121,25.97,Inspection,40.61,35,59.56,MCH-204,16.7
29/1/2023,23,Female,Evening,62.52240246,25.92,Inspection,31.4,36,65.82,MCH-305,17.5
25/3/2023,20,Female,Night,45.96896155,27.29,Packing,27.74,30,80.9,MCH-204,15.6
2/2/2023,28,Female,Morning,66.38123976,21.29,Inspection,55.64,43,64.27,MCH-305,13.8
29/1/2023,37,Female,Morning,40.08887296,29.76,Assembly,16.98,44,39.32,MCH-305,12.8
26/2/2023,49,Male,Evening,80.20030327,25.71,Assembly,47.85,32,63.45,MCH-204,14.5
9/3/2023,38,Male,Morning,64.98252492,27.16,Packing,13.46,30,66.67,MCH-101,14.6
22/2/2023,20,Male,Morning,63.47055625,23.24,Packing,29.79,28,66.45,MCH-204,18.8
17/1/2023,28,Female,Morning,63.03724411,25.06,Assembly,18.01,29,44.17,MCH-204,19.8
19/2/2023,59,Male,Morning,73.26561624,24.66,Packing,26.8,37,66.59,MCH-204,
11/1/2023,59,Female,Morning,54.47499624,28.94,Inspection,29.59,32,83.2,MCH-101,
27/2/2023,148,Male,Night,65.43205017,27.29,Assembly,27.9,34,65.34,MCH-305,18.1
25/1/2023,52,Female,Morning,60.98087347,27.52,Packing,37.5,33,63.25,MCH-101,15.8
8/2/2023,48,Male,Morning,74.89851338,24.7,Assembly,43.78,33,62.28,MCH-101,11.8
7/2/2023,57,Male,Evening,78.19956134,25.09,Inspection,33.87,35,71.53,MCH-204,10.5
3/3/2023,55,Male,Night,77.54238663,25.51,Packing,38.23,34,54.77,MCH-204,14
7/2/2023,82,Male,Morning,30,50.38,Assembly,50.61,32,58.67,MCH-101,14.6
20/1/2023,35,Male,Morning,68.50125442,22.22,Inspection,28.02,39,81.22,,12.3
3/2/2023,45,Male,Night,82.55687136,23.37,Packing,44.04,23,76.71,MCH-305,18.7
26/3/2023,32,Female,Night,69.18909511,22.11,Assembly,60.26,31,64.58,MCH-204,19.5
26/1/2023,41,Male,Morning,77.25825727,23.82,Inspection,53.14,27,74.86,MCH-305,14.4
22/3/2023,44,Male,Night,75.43735188,24.38,Inspection,51.29,35,60.8,MCH-305,19.6
16/2/2023,42,Male,Morning,71.25387597,22.77,Inspection,42.28,22,60.68,MCH-305,16.3
25/2/2023,43,Male,Night,79.29492012,24.53,Inspection,46.51,31,60.48,MCH-101,9.1
17/3/2023,35,Female,Morning,71.33723455,21.97,Inspection,30.16,32,54.3,MCH-101,8.9
5/3/2023,36,Female,Evening,75.71687608,23.96,Packing,34.19,,69.05,MCH-204,16
24/1/2023,20,Male,Night,47.6248712,27.29,Inspection,33.02,28,89.9,MCH-305,14.5
10/2/2023,44,Female,Morning,70.70936994,26.81,,28.37,44,50.02,MCH-204,12.2
25/2/2023,43,Female,Night,72.15761138,26.37,Packing,36.47,27,86.86,MCH-101,16.3
13/1/2023,42,Female,Morning,80.18448241,23.99,Assembly,29.75,24,42.85,,21.6
30/1/2023,40,Female,Night,73.35907248,22.93,Assembly,35.62,33,74.99,MCH-101,15.2
13/2/2023,38,Female,Evening,75.66486977,23.72,Packing,21.19,29,,MCH-101,13.7
10/1/2023,22,Male,Morning,66.07432164,25.91,Inspection,29.67,39,75.11,MCH-204,12.9
17/2/2023,27,Female,Morning,54.5574186,27.29,Inspection,,22,61.87,MCH-305,11.4
1/2/2023,33,Male,Morning,56.51162715,27.8,Packing,36.95,30,,MCH-204,17.4
24/2/2023,35,Male,Morning,56.90964364,27.26,Inspection,48.35,34,61.95,MCH-305,13.7
29/3/2023,34,Female,Evening,77.48252571,24.52,Packing,28.94,27,74.93,MCH-204,14.6
23/3/2023,35,Male,Morning,72.06744042,26.05,Assembly,32.52,23,67.84,MCH-204,
17/3/2023,50,Female,Night,78.55360121,25.36,Inspection,37.15,37,82.08,MCH-204,19.8
8/2/2023,42,Female,Evening,77.58150467,25.6,Inspection,33.05,26,68.06,MCH-101,10.7
1/1/2023,33,Female,Night,64.34450768,27.29,Inspection,21.06,35,72.07,,17.1
16/1/2023,26,Male,Morning,64.91776277,22.48,Assembly,40.67,25,70.56,MCH-101,17.6
8/2/2023,32,Male,Morning,72.4769165,25.53,Inspection,25.14,28,78.73,MCH-101,12.8
25/1/2023,47,Male,Evening,59.36593735,28.42,Packing,34.9,34,79.31,MCH-101,16.8
5/2/2023,21,Female,Evening,61.08504524,23.07,Inspection,13.7,32,70.36,MCH-204,14.5
4/3/2023,33,Male,Night,74.78310553,24.71,Packing,28.51,25,52.63,MCH-204,17.4
19/2/2023,20,Female,Night,60.79161492,24.94,Inspection,33.74,33,60.21,MCH-204,12.1
1/1/2023,42,Male,Night,75.0942624,25.55,Packing,40.61,19,77.81,MCH-204,15.8
6/3/2023,42,Male,Morning,77.03738662,22.81,Assembly,22.65,24,54.47,MCH-101,15.2
22/2/2023,29,Male,Morning,58.73958263,27.29,Inspection,26.09,39,62.6,MCH-305,16.6
7/2/2023,70,Male,Night,30,48.76,Assembly,52.64,29,63.86,MCH-305,7.9
3/1/2023,42,Male,Evening,59.83973229,27.02,Assembly,54.65,34,67.62,MCH-101,12.8
12/3/2023,38,Male,Night,70.38501664,,Inspection,40.15,33,66.19,MCH-101,16.8
21/3/2023,50,Female,Evening,70.29746791,26.17,Inspection,47.8,28,70.32,MCH-305,20.3
13/1/2023,43,Female,Morning,80.3911779,24.2,Packing,31.05,31,59.25,MCH-305,18.1
18/2/2023,55,Female,Morning,75.50583034,25.33,Inspection,41.53,24,61.25,MCH-305,16.2
22/1/2023,33,Male,Night,30,30.31,Inspection,41.03,31,87.7,MCH-305,12.5
24/1/2023,31,Male,Evening,57.02461271,27,Packing,25.58,28,83.96,MCH-305,15.9
23/2/2023,39,Female,Morning,79.76183815,23.62,Packing,36.97,40,75.07,MCH-204,16.8
14/1/2023,28,Female,Morning,58.40909777,26.36,Inspection,32.05,26,76.09,MCH-305,20.3
17/3/2023,59,Female,Night,76.78195098,23.3,Inspection,38.68,33,72.56,MCH-204,12.3
23/3/2023,27,Male,Night,59.4982962,23.6,Inspection,29.65,29,69.29,MCH-204,13.9
21/1/2023,39,Male,Morning,80.39912925,23.92,Assembly,20.45,34,61.12,MCH-101,21
4/2/2023,40,Female,Morning,73.5999005,25.11,Assembly,35.17,23,84.31,MCH-101,14.4
1/3/2023,22,Female,,45.23529479,27.87,Inspection,43.31,29,88.49,MCH-305,16.5
2/2/2023,38,Female,Night,68.0153447,27.16,Packing,43.31,33,64.27,MCH-101,11.8
28/1/2023,38,Female,Evening,61.47381226,27.05,Inspection,17.24,31,80.78,MCH-305,14
7/2/2023,30,Male,Evening,67.28397917,23.8,Inspection,36.82,32,65.42,MCH-101,16
18/2/2023,25,Female,Evening,64.94491374,24.92,Assembly,41.89,26,61.81,MCH-101,13.9
14/3/2023,21,Female,Morning,54.95176391,26.54,Inspection,36.37,28,65.31,MCH-305,15.5
16/2/2023,20,Female,Morning,48.8724001,27.2,Inspection,43.65,30,65.9,MCH-101,15.8
5/3/2023,39,Female,Night,77.09123093,25.44,Assembly,20.89,34,75.64,MCH-305,15.2
5/2/2023,23,Male,Morning,48.61274879,27.29,Assembly,23.55,37,65.16,MCH-101,12.8
12/1/2023,58,Female,Morning,75.30386695,25.3,Packing,40.89,21,78.16,MCH-305,17.5
10/3/2023,29,Male,Morning,56.72098016,26.45,Packing,31.52,28,62.3,MCH-204,15.5
26/1/2023,46,Female,Night,41.12959549,29.19,Packing,46.73,27,69.01,MCH-305,13
19/1/2023,46,Male,Evening,82.87650551,25.66,Inspection,38.07,26,58.28,MCH-101,12.6
26/1/2023,39,Male,Evening,57.56701625,28.36,Packing,26.05,31,56.57,MCH-204,11.9
7/3/2023,42,Female,Evening,69.20598906,27.12,Assembly,25.54,30,73.27,MCH-204,18.6
27/1/2023,24,Male,Morning,64.10178705,23.07,Packing,16.23,24,70.69,MCH-305,12.9
14/2/2023,29,Male,Morning,66.38386747,23.8,Inspection,41.87,24,65,MCH-305,12.3
23/1/2023,30,Female,Morning,67.62107285,24.33,Inspection,33.83,32,60.33,MCH-204,12
24/1/2023,25,Male,Night,70.99877758,24.29,Packing,44.16,25,,MCH-305,9
4/3/2023,31,Female,Night,69.60839172,25.82,Inspection,37.58,27,73.18,MCH-305,21.6
11/1/2023,32,Female,Morning,58.02983892,27.23,Inspection,36.15,35,62.71,MCH-305,15.3
2/3/2023,50,Female,Morning,58.23022472,28.51,Inspection,43.15,31,85.95,MCH-101,12.3
22/1/2023,32,Male,Morning,65.31284334,26.62,Packing,,38,71.43,MCH-101,14
23/3/2023,55,Male,Night,67.5049173,27.2,Inspection,31.68,29,74.95,MCH-204,11.2
16/1/2023,42,Female,Evening,70.6081904,21.84,Packing,35,41,83.78,MCH-204,15.6
18/2/2023,56,Female,Night,73.85634998,26.14,Packing,43.42,29,61.41,MCH-204,14.5
13/3/2023,41,Female,Evening,73.11218348,26.05,,25.58,36,74.18,MCH-305,18.3
28/2/2023,59,Male,Night,60.3437913,27.29,Packing,44.25,26,74.71,MCH-305,12.9
10/1/2023,44,Female,Evening,34.6813054,30.21,Packing,35.63,,64.52,MCH-305,16.1
20/1/2023,59,Female,Morning,53.1285611,28.48,Inspection,31.16,38,54.34,MCH-204,15.1
20/1/2023,42,Female,Night,66.76602264,27.57,Inspection,36.83,27,48.13,MCH-204,12.4
13/2/2023,42,Male,Night,66.95306642,27.29,Packing,46.76,29,60.63,MCH-101,16.1
9/3/2023,43,Female,Night,78.51196073,24.97,Assembly,46.69,27,80.86,MCH-305,14.8
16/3/2023,97,Female,Night,30,50.91,Assembly,38.92,36,,MCH-305,18
11/1/2023,36,Male,Morning,73.26362654,24.45,Assembly,41.26,24,79.31,MCH-101,16.2
17/2/2023,42,Female,Morning,72.69691602,27,Assembly,35.43,37,62.08,MCH-204,13.6
5/1/2023,57,Female,Evening,67.83235606,27.29,Packing,29.15,31,70.16,MCH-204,17.7
23/1/2023,32,Male,Morning,79.59886713,23.82,Inspection,39.45,31,75,MCH-204,15.9
7/1/2023,28,Female,Morning,45.09403385,28.39,Assembly,30.51,30,80.01,MCH-305,13.4
2/1/2023,42,Female,Morning,69.36725657,,Inspection,,36,65.1,MCH-101,17.8
22/1/2023,37,Female,Evening,76.73586152,22.54,,30.78,29,63.3,MCH-101,17.6
21/2/2023,23,Male,Morning,65.65813102,25.9,Assembly,18.58,26,49.92,MCH-204,12.3
2/3/2023,52,Female,Evening,69.54369476,26.56,Assembly,22.61,33,65.42,MCH-305,12.8
22/2/2023,53,Female,Night,57.19197981,27.95,Inspection,55.29,30,102.92,MCH-101,15.4
3/1/2023,49,Male,Evening,67.50234513,,Inspection,46.26,40,67.53,MCH-305,13.9
25/2/2023,44,Female,Evening,59.70755763,27.66,Assembly,32.6,35,55.5,MCH-204,14
4/2/2023,36,Male,Morning,67.59230858,26.37,Inspection,40.22,32,68.2,MCH-204,12.6
9/3/2023,42,Male,Morning,80.57591396,23.37,Assembly,25.49,37,77.12,MCH-101,15.5
23/3/2023,40,Female,Morning,63.79867258,27.2,Packing,41.62,23,63.73,MCH-204,15.7
22/2/2023,26,Male,Morning,45.50839229,28.25,Inspection,37.61,33,58.84,MCH-101,10.7
28/2/2023,23,Male,Evening,47.43557843,28.39,Assembly,27.95,31,95.13,MCH-204,13.8
1/2/2023,30,Male,Morning,60.03064418,27.2,Packing,31.77,29,73.72,MCH-101,13.3
2/2/2023,42,Female,Evening,51.13072277,28.99,Packing,31.07,29,85.32,MCH-204,15.8
9/3/2023,26,Male,Morning,57.50531962,27.29,Assembly,43.5,36,66,MCH-204,16.7
17/3/2023,24,Male,Night,54.2208995,27.29,Packing,34.19,21,87.73,MCH-305,17.2
12/2/2023,54,Female,Night,79.45711595,24.18,Packing,19.22,32,79.07,,13.9
7/2/2023,34,Female,Morning,43.5281638,29.46,Assembly,30.51,23,75.11,MCH-204,16.6
5/2/2023,43,Male,Morning,68.13924569,27.29,Packing,27.18,29,57.71,MCH-101,10.5
2/2/2023,40,Male,Evening,78.00085136,25.23,,20.22,30,62.64,MCH-204,19
13/1/2023,49,Male,Evening,84.43296163,24.66,Assembly,27.39,38,74.5,MCH-305,12.9
3/3/2023,49,Male,Morning,75.65980936,26.51,Assembly,,27,66.53,MCH-101,11
1/1/2023,31,Female,Night,72.0330867,22.66,Packing,25.69,30,73.73,MCH-204,12.9
22/2/2023,53,Female,Evening,66.97542648,27.4,Inspection,36.96,24,65.23,MCH-204,19.3
8/3/2023,34,Male,Morning,74.74912248,24.09,Assembly,39.54,33,74.21,MCH-305,16.9
22/3/2023,53,Male,Evening,74.45869587,26.74,Inspection,40.03,23,63.45,MCH-101,20.4
10/2/2023,,Female,Morning,77.03490265,24.96,Assembly,44.57,21,74.5,MCH-101,15.9
25/1/2023,24,Female,Evening,67.01062114,25.47,Inspection,46.88,22,59.91,MCH-101,19.1
24/2/2023,50,Male,Morning,86.75148445,24.49,Assembly,24.75,29,66.57,MCH-204,13.9
15/3/2023,21,Female,Morning,56.49241347,25.68,Packing,21.23,29,67.85,MCH-305,11.1
17/2/2023,77,Female,Night,30,54.02,Packing,35.43,36,60.98,MCH-204,16.1
15/2/2023,,Male,Morning,45.2289978,28.77,Inspection,40.47,38,63.58,MCH-305,15.2
28/3/2023,28,Female,Night,60.09288996,26.71,Inspection,26.65,37,72.8,MCH-305,16.5
9/3/2023,44,Male,Night,75.90976602,25.95,Assembly,37.65,36,77.08,MCH-101,17.5
3/2/2023,57,Male,Evening,65.60109511,27.69,Assembly,53.23,40,72.51,MCH-204,16.2
11/3/2023,94,Male,Night,30,49.5,Inspection,21.64,32,75.07,MCH-101,14.7
26/1/2023,24,Female,Morning,69.79313632,24.34,Inspection,35.06,32,70.86,,14.9
28/3/2023,29,Female,Morning,64.57649458,25.85,Packing,45.39,39,63.05,MCH-305,16.4
3/2/2023,55,Male,Morning,72.97124445,22.36,Inspection,33.02,24,52.73,MCH-101,10.6
2/2/2023,49,Male,Morning,57.62307187,28.25,Packing,39.13,35,64.7,MCH-101,12.9
3/2/2023,24,Male,Evening,52.41082189,27.29,Inspection,44.1,30,68.78,MCH-305,21.3
7/3/2023,35,Male,Night,66.57628487,26.16,Packing,31.98,37,63.72,MCH-204,13.6
4/3/2023,30,Male,Morning,61.86134948,21.75,Packing,24.39,36,85.53,MCH-101,17
18/1/2023,27,Female,Morning,58.76244588,27.22,Packing,33.99,29,72.76,MCH-204,13.8
24/2/2023,53,Female,Night,80.43218059,24.19,Assembly,24.05,24,69.08,MCH-305,14.4
24/2/2023,84,Female,Night,30,49.38,,29.5,,75.47,MCH-101,8.5
28/1/2023,27,Male,Night,59.12885237,27.25,Inspection,39.42,28,90.22,MCH-101,16.9
22/3/2023,46,Male,Evening,64.94573549,,Inspection,36.81,31,67.18,MCH-305,13.4
10/1/2023,36,Male,Evening,69.5421678,25.02,Inspection,44.98,24,60.36,MCH-101,8.9
14/1/2023,22,Male,Evening,66.6604971,24.7,Assembly,37.32,28,73.22,MCH-101,10.8
4/2/2023,37,Male,Night,66.78314088,26.25,Packing,27.2,35,58.51,MCH-204,15.3
23/1/2023,,Female,Morning,75.86049787,25.18,Assembly,25.03,32,60.47,MCH-101,12.9
28/1/2023,29,Female,Morning,72.73946233,23.78,Packing,41.28,26,84.24,MCH-204,12.6
11/3/2023,55,Male,Morning,82.55019516,25.33,Inspection,37.4,21,82.96,MCH-101,13.7
16/1/2023,48,Male,Morning,69.28160969,26.68,Packing,33.08,33,76.5,MCH-101,5.6
29/3/2023,75,Female,Morning,30,46.1,Assembly,38.39,28,73.9,MCH-305,10.2
17/3/2023,54,Male,Evening,79.26149418,23.17,Assembly,27.96,31,57.79,MCH-305,16.9
21/1/2023,42,Male,Night,60.56551098,27.98,Assembly,10.54,29,61.91,MCH-101,16.5
20/3/2023,54,Female,Night,61.37763443,20.52,Assembly,,28,83.23,MCH-204,16.7
7/2/2023,49,Female,Night,79.27415973,25.11,Inspection,41.49,33,64.93,MCH-305,16.8
25/2/2023,33,Female,Morning,72.79292157,24.76,Assembly,34.13,26,62,MCH-305,16.3
17/1/2023,41,Male,Morning,73.19135763,26.3,Assembly,26.01,31,68.1,MCH-305,19.3
10/3/2023,41,Female,Night,66.55112539,27.12,Assembly,32.86,32,75.77,MCH-101,16.8
12/1/2023,48,Male,Evening,56.28557575,28.25,Inspection,17.7,37,67.92,MCH-204,15.1
3/2/2023,29,Male,Morning,67.38490706,24.58,Packing,36.15,30,68.22,MCH-204,19.6
23/2/2023,33,Female,Night,67.15404709,27.17,Inspection,15.64,24,48.22,,16.6
13/3/2023,29,Female,Evening,64.38204405,26.39,Inspection,36.07,33,69.29,MCH-305,16.7
14/3/2023,31,Male,Morning,66.61674715,22.58,Inspection,27.95,26,79.97,MCH-204,13.5
2/2/2023,26,Female,Night,30.69106723,29.8,Packing,33.52,27,69.31,MCH-204,15.1
1/2/2023,21,Male,Evening,60.59708682,23.12,Assembly,23.61,28,90.7,MCH-101,11.6
23/3/2023,57,Male,Evening,65.42783731,26.84,Inspection,50.08,29,62.78,MCH-204,10.5
29/1/2023,22,Male,Night,53.37776216,26.78,Assembly,38.6,36,65.1,MCH-204,9.8
16/1/2023,55,Male,Evening,69.32653873,26.55,Assembly,28.11,33,63.29,MCH-305,14.3
25/1/2023,99,Female,Evening,30,48.9,Packing,33.21,24,63.02,MCH-305,19.1
27/2/2023,70,Male,Evening,30,48.8,Packing,51.06,38,75.37,MCH-305,16.3
24/1/2023,33,Male,Morning,68.49953815,22.88,Inspection,25.5,35,67.25,MCH-204,17.6
12/2/2023,,Male,Morning,74.76516445,25.87,Packing,23.88,32,89.44,MCH-305,12.4
6/1/2023,31,Male,Night,69.65672002,24.87,Packing,23.45,18,72.47,MCH-101,15.9
5/2/2023,,Male,Morning,71.2057734,24.65,Packing,28.19,26,61.28,MCH-305,21.1
25/2/2023,,Male,Evening,68.18043878,26.86,Assembly,49.95,30,60.07,MCH-305,17.4
16/1/2023,41,Female,Morning,62.31586517,28.15,Packing,29.4,38,86.67,MCH-204,13.9
12/3/2023,35,Male,Morning,80.08105532,25.31,Inspection,30.83,37,72.21,MCH-305,9.9
1/2/2023,41,Male,Evening,59.65611425,27.56,Packing,37.02,25,83.05,MCH-101,11.1
5/1/2023,53,Female,Night,75.17610914,26.1,Inspection,34.69,22,70.7,MCH-305,17
19/1/2023,37,Male,Evening,76.33137797,24.21,Inspection,44.69,29,70.16,MCH-305,15.7
14/2/2023,34,Male,Morning,71.32699567,25.48,Packing,43.21,31,83.4,MCH-101,20.4
11/3/2023,25,Male,Morning,56.37613049,27.2,Assembly,38.27,24,73.73,MCH-101,15.2
2/1/2023,34,Male,Morning,77.45069078,24.61,Inspection,32.7,26,73.62,MCH-305,10.5
15/1/2023,25,Male,Night,60.84632571,26.86,Inspection,44.6,41,65.95,MCH-204,14.3
18/3/2023,27,Female,Morning,58.9367128,26.47,Inspection,27.13,28,78.71,MCH-101,15.1
25/1/2023,58,Male,Morning,70.08177821,22.82,Packing,26.49,28,69.26,MCH-101,13.8
25/2/2023,23,Female,Morning,66.99686922,22.7,Inspection,30.92,44,64.45,MCH-204,15
27/2/2023,89,Female,Evening,30,50.49,Packing,46.62,28,91.52,MCH-101,16.1
5/2/2023,53,Male,Night,73.33037321,24.37,Inspection,26.63,25,67,MCH-101,8.9
9/2/2023,58,Male,Evening,67.19549016,26.6,Assembly,29,26,62.1,MCH-204,13
18/1/2023,25,Male,Morning,45.71554129,27.56,Inspection,36.74,31,81.37,MCH-305,18.8
25/1/2023,26,Male,Morning,65.20002813,23.46,Packing,34.43,28,76.79,MCH-204,19.8
21/3/2023,34,Female,Morning,71.70979891,23.18,Packing,31.21,29,63.37,MCH-305,11.2
13/2/2023,42,Female,Night,41.5889845,29.35,Inspection,39.67,30,69.21,MCH-101,11.2
24/2/2023,58,Male,Morning,66.7998139,26.7,Packing,30.27,46,76.69,MCH-101,17.3
30/1/2023,28,Male,Evening,61.37940545,27.29,Assembly,45.56,34,72.11,MCH-305,21.1
19/1/2023,26,Male,Morning,67.62758864,24.13,Packing,37.37,25,77.86,MCH-204,15.7
30/1/2023,,Female,Morning,71.23127561,24.98,Inspection,45.16,29,69.93,MCH-101,15.3
17/1/2023,95,Male,Evening,30,51.96,Assembly,27.09,34,78.18,MCH-204,12.9
24/2/2023,21,Male,Night,43.6267998,27.77,Packing,33.52,35,66.91,MCH-305,18
21/1/2023,35,Male,Morning,72.99405869,24.45,Inspection,16.03,22,63.54,MCH-305,14.1
12/2/2023,24,Male,Night,48.06528748,28.19,Packing,48.37,23,80.53,MCH-305,19.7
29/3/2023,,Male,Evening,79.73285345,25.2,Inspection,57.94,32,72.91,MCH-204,16.1
20/1/2023,56,Male,Night,78.1963977,23.91,Packing,32.12,27,76.87,MCH-204,15.8
5/1/2023,20,Male,Morning,61.42009969,25.15,Packing,38.73,26,82.24,MCH-305,12.5
25/1/2023,32,Male,Night,56.92999514,20.75,Assembly,36.13,31,64.27,MCH-101,12.6
10/2/2023,,Male,Morning,72.79331438,25.76,Assembly,22.08,34,75.32,MCH-305,13.1
14/3/2023,159,Male,Night,77.93605329,25.66,Packing,47.47,29,93.2,MCH-101,14.7
22/2/2023,22,Female,Evening,49.60383389,27.65,Inspection,32.25,20,68.4,MCH-101,18.3
25/2/2023,38,Female,Evening,71.61600929,22.23,Inspection,14.52,27,57.94,MCH-101,17.5
18/1/2023,73,Male,Morning,30,49.41,Packing,27.84,24,78.22,MCH-204,13.6
4/1/2023,36,Male,Evening,61.0411161,27.64,Packing,21.06,33,53.35,MCH-101,8.7
22/2/2023,41,Female,Morning,56.57465494,28.5,Assembly,36.22,40,59.02,MCH-101,12.8
6/1/2023,160,Female,Evening,74.70340658,25.89,Packing,36.16,31,70.06,MCH-305,15.5
4/3/2023,46,Male,Night,59.0562337,28.03,Packing,46.86,32,69.71,MCH-101,15.7
20/3/2023,42,Female,Morning,76.60144571,23.06,Inspection,53.3,34,71.88,MCH-101,20.5
19/2/2023,53,Male,Morning,63.21347925,27.43,Assembly,54.11,37,92.07,MCH-305,19.3
16/3/2023,59,Male,Morning,78.32075717,24.46,Assembly,24.75,27,70.85,MCH-204,17.4
28/2/2023,25,Female,Morning,68.24109807,22.7,Packing,41.19,30,64.23,MCH-101,13.1
16/3/2023,52,Female,Morning,83.0878441,23.75,Assembly,42.97,35,63.59,MCH-204,15.8
15/1/2023,74,Female,Morning,30,47.76,Inspection,29.77,25,65.44,MCH-305,16.5
1/3/2023,49,Male,Evening,84.35587259,24.35,Packing,37.87,22,57.86,MCH-204,19
23/1/2023,34,Female,Morning,64.8404933,26.75,Packing,38.99,28,75.6,MCH-101,12
18/2/2023,42,Male,Night,74.26492387,22.38,Inspection,30.15,36,73.02,,17.7
23/3/2023,53,Female,Night,74.30278907,21.75,Assembly,47.82,31,74.67,MCH-204,16.8
23/3/2023,26,Male,Night,43.0668239,28.74,Assembly,37.35,28,78.01,MCH-305,13.5
17/3/2023,53,Male,Evening,63.94546306,27.81,Inspection,33.28,35,76.19,MCH-305,18.9
14/3/2023,56,Female,Morning,78.7307839,23.9,Inspection,22.76,33,56.19,MCH-305,9.3
15/3/2023,47,Male,Night,75.14001641,25.99,Inspection,46.51,26,67.19,MCH-305,21.5
29/3/2023,33,Female,Morning,54.64749533,28.04,Inspection,35.75,29,67.6,MCH-305,18.9
20/1/2023,42,Male,Evening,69.39682069,26.84,Assembly,35.78,25,83.77,MCH-305,14.4
25/3/2023,22,Male,Evening,52.46466734,27.29,Assembly,26.54,31,84.65,MCH-305,13.7
9/3/2023,57,Female,Night,69.82508738,27.29,Inspection,43.94,33,65.74,MCH-305,14.9
21/3/2023,33,Female,Morning,73.11980003,24.54,Inspection,23.65,18,60.09,MCH-204,12.7
1/3/2023,22,Male,Night,53.00873274,26.06,Packing,12.92,25,71.59,MCH-305,14.3
19/3/2023,51,Female,Night,74.44135805,25.96,Packing,27.91,38,66.81,MCH-204,17.5
14/1/2023,46,Female,Evening,82.01649323,25.45,Assembly,38.47,28,69.16,MCH-101,12.9
28/1/2023,44,Male,Night,78.76014134,25.22,Packing,38.38,38,82.16,MCH-305,17.8
27/1/2023,22,Male,Morning,60.44571558,26.15,Packing,36.4,24,72.69,,14.3
23/3/2023,50,Female,Night,80.54571055,26.07,Packing,33.28,27,65.2,MCH-305,18.3
27/2/2023,45,Female,Morning,79.54206495,23.9,Assembly,36.59,31,63.41,MCH-101,19.1
19/2/2023,51,Female,Night,61.41395772,27.6,Packing,63.6,28,55.64,MCH-204,12
25/3/2023,53,Male,Evening,65.79867489,27.29,Inspection,37.5,36,75.62,MCH-305,8.7
26/2/2023,28,Female,Night,69.34162789,25.56,Assembly,30.78,29,72.82,MCH-204,15.5
14/1/2023,28,Female,Morning,69.74512657,25.41,Packing,33.95,34,75.64,MCH-101,15.8
2/1/2023,56,Female,Evening,71.60917659,26.72,Assembly,32.93,25,69.83,MCH-204,11.3
15/2/2023,41,Female,Night,77.4510189,21.76,Packing,35.69,31,59.44,MCH-305,20
3/3/2023,37,Male,Morning,54.50345347,27.78,Assembly,25.89,28,70.56,MCH-204,13.9
1/2/2023,31,Male,Morning,76.05698236,24.65,Inspection,42.99,25,81.39,MCH-204,16.9
15/1/2023,45,Male,Morning,65.70676034,,Packing,37.97,32,70.58,MCH-101,12.8
4/1/2023,50,Female,Morning,63.79832808,,Packing,27.11,37,86.43,,10.5
11/2/2023,20,Female,Evening,58.48407137,25.9,Assembly,45.2,27,72.52,MCH-305,18.5
2/3/2023,72,Female,Evening,30,47.06,Inspection,15.97,32,89.68,MCH-101,12.2
28/1/2023,59,Male,Morning,61.92433883,27.29,Packing,56.53,29,90.49,MCH-204,17.4
17/1/2023,31,Female,Morning,45.16032673,28.48,Inspection,53.85,31,61.02,MCH-101,12.5
27/3/2023,31,Male,Morning,57.67155113,27.29,Packing,52.25,34,63.53,MCH-305,14.3
23/1/2023,42,Male,Night,61.12371546,27.2,Inspection,30.03,37,65.43,MCH-101,14.5
12/1/2023,22,Female,Night,60.21678968,26.14,Packing,37.41,36,52.92,MCH-305,14.9
23/1/2023,35,Male,Morning,57.46490357,27.7,Assembly,28.78,26,74.64,MCH-305,13.1
1/2/2023,38,Male,Morning,64.67656689,27.2,Assembly,39.31,23,74.37,MCH-204,17.2
26/1/2023,51,Male,Morning,80.2443642,24.03,Inspection,35.18,20,71.92,MCH-204,17.8
11/1/2023,25,Male,Night,64.45941771,24.72,Packing,30.4,33,57.76,MCH-204,18.7
13/3/2023,37,Male,Night,67.41538928,26.2,Packing,30.29,27,85.88,MCH-305,13.7
1/3/2023,26,Female,Night,61.71233181,25.56,Inspection,35.82,35,51.2,MCH-101,11.6
23/2/2023,51,Female,Morning,64.77666581,27.42,Packing,64.36,25,56.77,MCH-101,15.6
11/3/2023,45,Male,Morning,56.85752749,28.61,Assembly,48.06,32,78.86,,16.1
19/1/2023,72,Male,Morning,30,54.08,Packing,35.86,21,73.16,MCH-305,16.1
15/2/2023,35,Male,Night,76.81610405,24.53,Assembly,33.19,33,63.86,MCH-101,19.6
23/3/2023,42,Male,Evening,80.61833937,23.13,Inspection,41.23,32,70.55,MCH-101,15.3
5/3/2023,56,Female,Morning,31.55417957,30.06,Packing,28.87,25,71.29,MCH-305,21.3
31/1/2023,45,Male,Night,75.49441717,26.61,Inspection,32.72,31,81.78,MCH-101,17.6
19/2/2023,32,Male,Evening,63.48478413,26.96,Assembly,15.48,40,57.84,MCH-101,17.7
19/3/2023,42,Male,,80.44193029,23.32,Inspection,35.91,33,72.92,MCH-305,15.3
2/3/2023,49,Male,,77.81429108,26,Inspection,36.16,45,80.79,MCH-305,14.1
28/3/2023,81,Male,,30,49.3,Packing,29.56,31,60.02,MCH-204,13.2
8/3/2023,73,Male,Night,30,50.1,Inspection,39.51,33,69.48,MCH-204,15.5
27/1/2023,32,Female,Morning,50.58654571,28.15,Inspection,36.24,28,69.41,MCH-101,17.6
28/2/2023,46,Female,Morning,30,30.62,Packing,29.68,31,53.86,MCH-305,14.4
9/2/2023,46,Female,Night,75.82779295,24.11,Inspection,43.23,25,72.92,MCH-101,13.9
8/3/2023,43,Male,Morning,75.07436369,23.96,Assembly,33.2,35,73.52,MCH-305,11.9
15/3/2023,22,Female,Evening,69.30065675,24.24,Packing,24.53,26,84.96,MCH-101,16.5
16/3/2023,38,Female,Night,43.87157791,29.21,Assembly,17.39,38,69.79,MCH-101,11.8
6/2/2023,44,Male,Evening,62.35168069,28.08,Packing,49.35,23,74.38,MCH-305,16.2
14/2/2023,58,Male,Evening,64.9958193,27.29,Inspection,36.26,28,84.72,MCH-204,15.8
7/1/2023,,Male,Morning,68.61766762,26.07,Assembly,35.84,29,63.58,MCH-204,14.6
2/2/2023,33,Male,Evening,73.83691397,24.37,Assembly,34.56,24,58.19,MCH-305,18.6
25/2/2023,42,Male,Evening,65.44461675,27.78,Assembly,47.18,31,71.22,MCH-101,19.8
28/1/2023,27,Female,Evening,71.49353946,25.24,Inspection,36.43,27,68.03,MCH-101,8.7
1/1/2023,23,Female,Morning,62.56896256,25.48,Assembly,50.48,37,69.09,MCH-101,10.5
7/3/2023,47,Female,Morning,59.20890907,27.22,Assembly,36.46,26,65.77,MCH-305,16.8
14/2/2023,59,Female,Night,77.04722863,25.62,Inspection,8.25,32,61.6,MCH-204,20.1
8/1/2023,53,Female,Night,81.01877647,25.53,Inspection,47.67,30,79.34,MCH-305,10.9
6/1/2023,43,Male,Morning,74.1729602,26.02,Inspection,38.15,29,69.8,MCH-204,16.3
26/3/2023,21,Male,Morning,47.8683254,27.59,Assembly,29.93,30,92.45,MCH-204,9.8
16/1/2023,59,Female,Night,44.0599219,29.29,Assembly,32.43,34,59.6,MCH-305,9.4
28/2/2023,37,Female,Morning,63.21647172,27.29,Assembly,31.92,21,90.06,MCH-204,21.2
11/2/2023,31,Female,Evening,59.00636578,27.61,Packing,22.58,30,72.93,MCH-204,16.2
9/1/2023,55,Female,Morning,67.40897207,27.29,Assembly,43.77,26,70.19,MCH-204,10.4
27/1/2023,49,Male,Night,81.35271424,24.58,Assembly,30.54,26,58.99,MCH-101,14.4
16/3/2023,49,Male,Morning,72.04971067,27.31,Packing,26.32,31,63.37,MCH-305,12.7
16/3/2023,31,Male,Night,68.14792675,26.34,Packing,77.99,36,82.59,MCH-101,13.7
8/3/2023,59,Male,Morning,78.62780012,23.15,Assembly,23.47,38,43.34,MCH-305,14.1
1/2/2023,38,Male,Night,76.31134284,25.34,Packing,34.12,27,52.05,MCH-101,15.6
4/1/2023,41,Female,Evening,70.27846894,25.83,Assembly,11.99,16,53.88,MCH-204,16.3
8/3/2023,50,Female,Morning,81.82751951,24.98,Inspection,,30,81.71,MCH-101,12.9
7/2/2023,46,Male,Morning,51.98800385,28.96,Inspection,32.18,21,76.81,,12.8
1/2/2023,26,Male,Night,53.31639691,,Inspection,43.17,,59.87,MCH-305,16.2
15/3/2023,32,Female,Morning,43.65664522,28.75,Inspection,25.57,26,65.28,MCH-305,13
22/1/2023,34,Female,Morning,66.44522878,26.53,Packing,18.84,32,71.3,MCH-101,13
24/3/2023,57,Female,Evening,73.62580169,26.16,,27.54,26,80.2,MCH-305,15.3
6/1/2023,48,Male,Morning,67.41876682,27.2,Packing,48.45,24,59.87,MCH-204,15.1
17/3/2023,34,Male,Morning,73.74568483,26.02,Inspection,40.77,24,71.33,MCH-204,13.7
13/2/2023,49,Female,Evening,72.52116908,26.03,Inspection,18.84,32,66.56,MCH-204,18.2
24/2/2023,49,Male,Night,82.87532537,23.27,Assembly,10.8,23,68.97,MCH-305,16.5
11/1/2023,35,Male,Night,71.44130061,24.92,Packing,31.79,,61.04,MCH-305,21.1
2/1/2023,36,Male,Night,77.22362842,25.35,Inspection,45.92,39,72.1,MCH-101,14.3
22/1/2023,55,Male,Morning,72.5126235,26.83,Packing,27.41,38,62.18,MCH-305,17.1
28/3/2023,42,Male,Evening,69.17717194,26.92,Assembly,45.76,22,70.95,MCH-101,19.4
12/3/2023,25,Female,Morning,68.42663664,24.84,Assembly,36.27,23,85.62,MCH-305,12.3
10/2/2023,48,Male,Night,69.85914693,26.94,Packing,52.53,32,80.44,MCH-305,
21/3/2023,43,Female,Evening,66.61000735,,Assembly,28.21,25,83.9,,18.7
24/3/2023,40,Female,Morning,64.14714745,20.26,Packing,34.4,33,73.16,MCH-204,17
5/3/2023,49,Male,Night,78.25163079,25.03,Packing,28.45,21,81.33,MCH-305,14.9
21/3/2023,56,Male,Morning,59.54095101,28.16,Packing,44.85,30,51.98,MCH-101,10.9
14/2/2023,33,Female,Morning,65.99963972,27.29,Inspection,40.91,35,53.05,MCH-305,11.1
22/3/2023,36,Female,Night,67.41374311,26.23,Inspection,18.02,22,59.95,MCH-305,13.6
1/1/2023,27,Male,Evening,38.70801713,29.17,Packing,41.92,29,60.64,MCH-305,12.6
25/2/2023,45,Male,Night,77.97452155,24.48,,20.11,29,80.48,MCH-305,12.7
6/3/2023,,Female,Evening,74.76498023,26,Assembly,25.89,33,54.91,MCH-305,9.5
16/3/2023,33,Male,Night,73.69885993,23.39,Inspection,42.46,27,56.43,MCH-101,10.9
8/2/2023,47,Male,Evening,49.28895957,29.25,Packing,22.46,23,68.78,MCH-305,12.4
12/2/2023,36,Male,Morning,74.34018521,25.83,Inspection,31.29,17,71.37,MCH-101,15.4
25/3/2023,38,Male,Morning,60.0913905,27.29,Packing,42.59,37,78.75,MCH-101,14
22/1/2023,37,Female,Night,53.18176215,28.71,Assembly,39.15,34,67.33,MCH-204,15.2
9/1/2023,30,Male,Morning,60.32500499,27.32,Assembly,38.57,30,68.17,MCH-101,15
26/2/2023,25,Male,Evening,69.3116193,24.25,Inspection,42.92,30,78.87,MCH-101,9.9
29/3/2023,53,Female,Morning,74.45227549,24.71,Assembly,48.07,32,61,MCH-204,18.2
9/2/2023,23,Male,Morning,53.15915204,26.99,Packing,22.59,35,71.23,MCH-305,17.2
26/3/2023,32,Male,Evening,75.79758943,24.75,Assembly,38.33,20,75.7,MCH-204,15.1
2/1/2023,46,Female,Morning,69.18518744,21.77,Assembly,44.65,21,66.3,MCH-305,13.4
25/3/2023,25,Male,Morning,67.25976581,25.89,Inspection,42.68,20,78.61,MCH-305,19.1
9/1/2023,46,Female,Night,78.6048534,23.04,Packing,33.41,28,61.43,MCH-101,12
31/1/2023,49,Male,Morning,44.67130475,29.23,,32.83,31,85.62,MCH-305,17.9
4/2/2023,46,Male,Morning,71.14587647,26.35,Inspection,43.24,35,66.85,MCH-204,12.4
2/2/2023,32,Male,Morning,72.58106637,24.19,Assembly,37.14,15,65.61,MCH-204,18.9
27/3/2023,,Female,Night,77.34008753,24.6,Packing,45.94,23,55.39,MCH-305,16.4
12/3/2023,55,Male,Evening,76.70616941,22.22,Packing,36.1,31,58.8,MCH-204,17.7
5/1/2023,33,Male,Evening,62.33514041,27.29,Inspection,31.26,31,61.88,MCH-204,15.6
31/1/2023,52,Female,Morning,54.77694235,28.03,Inspection,17.37,29,58.72,MCH-101,16.3
10/1/2023,27,Male,Night,30,30.46,Assembly,32.7,24,58.17,MCH-101,15.1
1/1/2023,26,Female,Morning,54.4954235,27.45,Packing,22.69,27,70.44,MCH-101,12
1/3/2023,51,Male,Night,74.66073198,25.82,Packing,16.7,29,,MCH-305,18.3
17/3/2023,57,Female,Morning,74.81129244,25.14,Assembly,26.34,21,72.8,MCH-101,14.2
3/3/2023,54,Male,Night,81.87724677,24.09,Inspection,42.03,26,38.03,MCH-204,15.3
17/3/2023,50,Female,Morning,36.16116854,30.12,Packing,32.58,23,59.59,MCH-101,10.2
10/3/2023,29,Male,Morning,67.40769095,25.62,Assembly,36.78,33,81.37,MCH-204,14.5
